Ser No.,Al,Ti,V,Cr,Mn,Fe,Ni,Cu,Nb,Mo,Tot Vol Frac BCC,Tot Vol Frac FCC,Tot Vol Frac BCC+FCC,Tot Vol Frac Other,Liquidus,Term. Temp,Solidifcation Range
1,0.0001,11.1111,11.1111,11.1111,11.1111,11.1111,11.1111,11.1111,11.1111,11.1111,0.5417386496860797,0.161854049107264,0.7035926987933436,0.29640730120665637,1616.61,827.4,789.2099999999999
2,1.25,10.97222222,10.97222222,10.97222222,10.97222222,10.97222222,10.97222222,10.97222222,10.97222222,10.97222222,0.59861662181909,0.140155261677269,0.738771883496359,0.261228116503641,1613.62,827.38,786.2399999999999
3,2.5,10.83333333,10.83333333,10.83333333,10.83333333,10.83333333,10.83333333,10.83333333,10.83333333,10.83333333,0.6844411546133998,0.152522539283933,0.8369636938973328,0.16303630610266717,1610.22,828.66,781.5600000000001
4,3.75,10.69444444,10.69444444,10.69444444,10.69444444,10.69444444,10.69444444,10.69444444,10.69444444,10.69444444,0.7138142040358227,0.133391558743571,0.8472057627793937,0.15279423722060625,1606.43,816.06,790.3700000000001
5,5.0,10.55555556,10.55555556,10.55555556,10.55555556,10.55555556,10.55555556,10.55555556,10.55555556,10.55555556,0.7271801601811075,0.116059048740375,0.8432392089214825,0.15676079107851748,1602.27,793.04,809.23
6,6.25,10.41666667,10.41666667,10.41666667,10.41666667,10.41666667,10.41666667,10.41666667,10.41666667,10.41666667,0.517630108695665,0.149618848268087,0.667248956963752,0.33275104303624803,1598.64,711.496,887.1440000000001
7,7.5,10.27777778,10.27777778,10.27777778,10.27777778,10.27777778,10.27777778,10.27777778,10.27777778,10.27777778,0.7746585442433209,0.0933824018332587,0.8680409460765797,0.13195905392342033,1592.77,766.64,826.13
8,8.75,10.13888889,10.13888889,10.13888889,10.13888889,10.13888889,10.13888889,10.13888889,10.13888889,10.13888889,0.6639796630671829,0.108277397797284,0.7722570608644669,0.22774293913553312,1587.85,738.88,848.9699999999999
9,10.0,10.0,10.0,10.0,10.0,10.0,10.0,10.0,10.0,10.0,0.749087364807621,0.0841175384032676,0.8332049032108886,0.16679509678911142,1582.48,746.15,836.33
10,11.25,9.861111111,9.861111111,9.861111111,9.861111111,9.861111111,9.861111111,9.861111111,9.861111111,9.861111111,0.723413395589917,0.0775093857919604,0.8009227813818774,0.19907721861812255,1577.66,703.997,873.6630000000001
11,12.5,9.722222222,9.722222222,9.722222222,9.722222222,9.722222222,9.722222222,9.722222222,9.722222222,9.722222222,0.7688025900877669,0.0649868758212536,0.8337894659090205,0.16621053409097952,1570.96,712.465,858.495
12,13.75,9.583333333,9.583333333,9.583333333,9.583333333,9.583333333,9.583333333,9.583333333,9.583333333,9.583333333,0.8523007616766292,0.044632293910643,0.8969330555872722,0.10306694441272779,1564.83,746.13,818.6999999999999
13,15.0,9.444444444,9.444444444,9.444444444,9.444444444,9.444444444,9.444444444,9.444444444,9.444444444,9.444444444,0.8680934636351126,0.0357969546253274,0.90389041826044,0.09610958173955997,1558.46,745.02,813.44
14,16.25,9.305555556,9.305555556,9.305555556,9.305555556,9.305555556,9.305555556,9.305555556,9.305555556,9.305555556,0.885720895814333,0.020165335315697,0.90588623113003,0.09411376886997003,1551.83,756.41,795.42
15,17.5,9.166666667,9.166666667,9.166666667,9.166666667,9.166666667,9.166666667,9.166666667,9.166666667,9.166666667,0.8964449370577412,0.0056016708011661,0.9020466078589073,0.09795339214109267,1544.94,758.63,786.3100000000001
16,18.75,9.027777778,9.027777778,9.027777778,9.027777778,9.027777778,9.027777778,9.027777778,9.027777778,9.027777778,0.9129646878356016,0.0,0.9129646878356016,0.08703531216439842,1538.58,722.151,816.429
17,20.0,8.888888889,8.888888889,8.888888889,8.888888889,8.888888889,8.888888889,8.888888889,8.888888889,8.888888889,0.9060494565136868,0.0,0.9060494565136868,0.09395054348631315,1530.34,729.79,800.55
18,21.25,8.75,8.75,8.75,8.75,8.75,8.75,8.75,8.75,8.75,0.9088509305059865,0.0,0.9088509305059865,0.09114906949401347,1522.62,778.34,744.2799999999999
19,22.5,8.611111111,8.611111111,8.611111111,8.611111111,8.611111111,8.611111111,8.611111111,8.611111111,8.611111111,0.9105056576381843,0.0,0.9105056576381843,0.08949434236181575,1514.59,775.98,738.6099999999999
20,23.75,8.472222222,8.472222222,8.472222222,8.472222222,8.472222222,8.472222222,8.472222222,8.472222222,8.472222222,0.9125288510368091,0.0,0.9125288510368091,0.08747114896319086,1506.27,804.81,701.46
21,25.0,8.333333333,8.333333333,8.333333333,8.333333333,8.333333333,8.333333333,8.333333333,8.333333333,8.333333333,0.9147004468481987,0.0,0.9147004468481987,0.08529955315180127,1497.65,823.4,674.2500000000001
22,26.25,8.194444444,8.194444444,8.194444444,8.194444444,8.194444444,8.194444444,8.194444444,8.194444444,8.194444444,0.9165930479759512,0.0,0.9165930479759512,0.0834069520240488,1488.71,840.11,648.6
23,27.5,8.055555556,8.055555556,8.055555556,8.055555556,8.055555556,8.055555556,8.055555556,8.055555556,8.055555556,0.9177415252621238,0.0,0.9177415252621238,0.08225847473787617,1479.49,853.1,626.39
24,28.75,7.916666667,7.916666667,7.916666667,7.916666667,7.916666667,7.916666667,7.916666667,7.916666667,7.916666667,0.911049468936433,0.0,0.911049468936433,0.08895053106356698,1469.97,861.05,608.9200000000001
25,30.0,7.777777778,7.777777778,7.777777778,7.777777778,7.777777778,7.777777778,7.777777778,7.777777778,7.777777778,0.912930595891095,0.0,0.912930595891095,0.08706940410890496,1460.17,867.88,592.2900000000001
26,31.25,7.638888889,7.638888889,7.638888889,7.638888889,7.638888889,7.638888889,7.638888889,7.638888889,7.638888889,0.915205359089567,0.0,0.915205359089567,0.08479464091043298,1450.1,870.08,580.0199999999999
27,32.5,7.5,7.5,7.5,7.5,7.5,7.5,7.5,7.5,7.5,0.914272434882425,0.0,0.914272434882425,0.08572756511757496,1439.76,870.48,569.28
28,33.75,7.361111111,7.361111111,7.361111111,7.361111111,7.361111111,7.361111111,7.361111111,7.361111111,7.361111111,0.91672965031812,0.0,0.91672965031812,0.08327034968187996,1429.19,866.88,562.3100000000001
29,35.0,7.222222222,7.222222222,7.222222222,7.222222222,7.222222222,7.222222222,7.222222222,7.222222222,7.222222222,0.915353872482613,0.0,0.915353872482613,0.08464612751738698,1419.19,862.89,556.3000000000001
30,36.25,7.083333333,7.083333333,7.083333333,7.083333333,7.083333333,7.083333333,7.083333333,7.083333333,7.083333333,0.915902673447491,0.0,0.915902673447491,0.08409732655250901,1407.37,860.36,547.0099999999999
31,37.5,6.944444444,6.944444444,6.944444444,6.944444444,6.944444444,6.944444444,6.944444444,6.944444444,6.944444444,0.913549572814134,0.0,0.913549572814134,0.08645042718586604,1396.16,862.8,533.3600000000001
32,38.75,6.805555556,6.805555556,6.805555556,6.805555556,6.805555556,6.805555556,6.805555556,6.805555556,6.805555556,0.910448336092635,0.0,0.910448336092635,0.08955166390736502,1384.77,865.51,519.26
33,40.0,6.666666667,6.666666667,6.666666667,6.666666667,6.666666667,6.666666667,6.666666667,6.666666667,6.666666667,0.917988314837668,0.0,0.917988314837668,0.08201168516233204,1373.2,867.33,505.87
34,41.25,6.527777778,6.527777778,6.527777778,6.527777778,6.527777778,6.527777778,6.527777778,6.527777778,6.527777778,0.917458555907077,0.0,0.917458555907077,0.08254144409292297,1361.45,867.36,494.09000000000003
35,42.5,6.388888889,6.388888889,6.388888889,6.388888889,6.388888889,6.388888889,6.388888889,6.388888889,6.388888889,0.915180351674162,0.0,0.915180351674162,0.08481964832583799,1349.53,867.91,481.62
36,43.75,6.25,6.25,6.25,6.25,6.25,6.25,6.25,6.25,6.25,0.913075190407306,0.0004364456667691,0.9135116360740752,0.08648836392592485,1337.43,875.41,462.0200000000001
37,45.0,6.111111111,6.111111111,6.111111111,6.111111111,6.111111111,6.111111111,6.111111111,6.111111111,6.111111111,0.803780931968568,0.0024917580447018,0.8062726900132698,0.19372730998673016,1325.15,823.99,501.1600000000001
38,11.1111,0.0001,11.1111,11.1111,11.1111,11.1111,11.1111,11.1111,11.1111,11.1111,0.0,0.0,0.0,1.0,,,
39,10.97222222,1.25,10.97222222,10.97222222,10.97222222,10.97222222,10.97222222,10.97222222,10.97222222,10.97222222,0.7638067089743358,0.112730614323143,0.8765373232974788,0.1234626767025212,1588.14,869.38,718.7600000000001
40,10.83333333,2.5,10.83333333,10.83333333,10.83333333,10.83333333,10.83333333,10.83333333,10.83333333,10.83333333,0.7722861607220028,0.108721024730169,0.8810071854521718,0.11899281454782817,1586.33,847.57,738.7599999999999
41,10.69444444,3.75,10.69444444,10.69444444,10.69444444,10.69444444,10.69444444,10.69444444,10.69444444,10.69444444,0.7787062665223543,0.103487444414904,0.8821937109372583,0.11780628906274171,1584.79,825.84,758.9499999999999
42,10.55555556,5.0,10.55555556,10.55555556,10.55555556,10.55555556,10.55555556,10.55555556,10.55555556,10.55555556,0.700386787571182,0.123502364009878,0.82388915158106,0.17611084841893998,1583.55,804.78,778.77
43,10.41666667,6.25,10.41666667,10.41666667,10.41666667,10.41666667,10.41666667,10.41666667,10.41666667,10.41666667,0.605949035392941,0.138726038621694,0.744675074014635,0.25532492598536505,1582.67,775.74,806.9300000000001
44,10.27777778,7.5,10.27777778,10.27777778,10.27777778,10.27777778,10.27777778,10.27777778,10.27777778,10.27777778,0.6801989421909069,0.11444962250924,0.7946485647001469,0.2053514352998531,1582.17,717.888,864.282
45,10.13888889,8.75,10.13888889,10.13888889,10.13888889,10.13888889,10.13888889,10.13888889,10.13888889,10.13888889,0.7199640084721617,0.095965346765941,0.8159293552381027,0.18407064476189727,1582.1,749.39,832.7099999999999
46,10.0,10.0,10.0,10.0,10.0,10.0,10.0,10.0,10.0,10.0,0.749087364807621,0.0841175384032676,0.8332049032108886,0.16679509678911142,1582.48,746.15,836.33
47,9.861111111,11.25,9.861111111,9.861111111,9.861111111,9.861111111,9.861111111,9.861111111,9.861111111,9.861111111,0.749560456523539,0.0823734864353248,0.8319339429588638,0.1680660570411362,1583.31,682.633,900.6769999999999
48,9.722222222,12.5,9.722222222,9.722222222,9.722222222,9.722222222,9.722222222,9.722222222,9.722222222,9.722222222,0.781418840631863,0.0721433427238357,0.8535621833556987,0.14643781664430133,1584.61,683.016,901.5939999999999
49,9.583333333,13.75,9.583333333,9.583333333,9.583333333,9.583333333,9.583333333,9.583333333,9.583333333,9.583333333,0.7846978725171556,0.0665920688430386,0.8512899413601942,0.1487100586398058,1586.36,683.459,902.901
50,9.444444444,15.0,9.444444444,9.444444444,9.444444444,9.444444444,9.444444444,9.444444444,9.444444444,9.444444444,0.8132648165510057,0.0552833758483176,0.8685481923993232,0.13145180760067676,1588.51,729.31,859.2
51,9.305555556,16.25,9.305555556,9.305555556,9.305555556,9.305555556,9.305555556,9.305555556,9.305555556,9.305555556,0.8199065198554603,0.0420676006520434,0.8619741205075037,0.13802587949249634,1591.05,728.54,862.51
52,9.166666667,17.5,9.166666667,9.166666667,9.166666667,9.166666667,9.166666667,9.166666667,9.166666667,9.166666667,0.8260426990303019,0.0346973751257247,0.8607400741560266,0.1392599258439734,1593.75,724.209,869.541
53,9.027777778,18.75,9.027777778,9.027777778,9.027777778,9.027777778,9.027777778,9.027777778,9.027777778,9.027777778,0.8429414691117328,0.033007985836862,0.8759494549485949,0.12405054505140511,1597.08,727.48,869.5999999999999
54,8.888888889,20.0,8.888888889,8.888888889,8.888888889,8.888888889,8.888888889,8.888888889,8.888888889,8.888888889,0.8511565447001072,0.0262940022385977,0.8774505469387048,0.12254945306129517,1600.5,725.156,875.344
55,8.75,21.25,8.75,8.75,8.75,8.75,8.75,8.75,8.75,8.75,0.8503609227323023,0.0208754211669021,0.8712363438992045,0.12876365610079554,1604.11,722.805,881.305
56,8.611111111,22.5,8.611111111,8.611111111,8.611111111,8.611111111,8.611111111,8.611111111,8.611111111,8.611111111,0.8532441509911367,0.0158118779603056,0.8690560289514423,0.1309439710485577,1607.88,720.716,887.1640000000001
57,8.472222222,23.75,8.472222222,8.472222222,8.472222222,8.472222222,8.472222222,8.472222222,8.472222222,8.472222222,0.8586158256648954,0.0106556144543822,0.8692714401192776,0.1307285598807224,1611.78,719.147,892.6329999999999
58,8.333333333,25.0,8.333333333,8.333333333,8.333333333,8.333333333,8.333333333,8.333333333,8.333333333,8.333333333,0.8596335301119818,0.0054427669736622,0.865076297085644,0.13492370291435596,1615.76,716.587,899.173
59,8.194444444,26.25,8.194444444,8.194444444,8.194444444,8.194444444,8.194444444,8.194444444,8.194444444,8.194444444,0.859255347299648,0.0025696632835847,0.8618250105832327,0.1381749894167673,1619.8,711.183,908.617
60,8.055555556,27.5,8.055555556,8.055555556,8.055555556,8.055555556,8.055555556,8.055555556,8.055555556,8.055555556,0.854800316508894,0.0024685858199465,0.8572689023288405,0.14273109767115955,1623.85,692.101,931.7489999999999
61,7.916666667,28.75,7.916666667,7.916666667,7.916666667,7.916666667,7.916666667,7.916666667,7.916666667,7.916666667,0.850525270534516,0.0075516531078611,0.8580769236423771,0.1419230763576229,1627.9,683.537,944.363
62,7.777777778,30.0,7.777777778,7.777777778,7.777777778,7.777777778,7.777777778,7.777777778,7.777777778,7.777777778,0.841720863809,0.0013747612152849,0.8430956250242849,0.15690437497571508,1631.92,683.798,948.1220000000001
63,7.638888889,31.25,7.638888889,7.638888889,7.638888889,7.638888889,7.638888889,7.638888889,7.638888889,7.638888889,0.8404812049929979,0.0069097026613199,0.8473909076543178,0.1526090923456822,1635.89,683.541,952.349
64,7.5,32.5,7.5,7.5,7.5,7.5,7.5,7.5,7.5,7.5,0.8361407764256299,0.0061543777898211,0.842295154215451,0.15770484578454902,1639.78,683.517,956.2629999999999
65,7.361111111,33.75,7.361111111,7.361111111,7.361111111,7.361111111,7.361111111,7.361111111,7.361111111,7.361111111,0.828249110023447,0.0002588113880818,0.8285079214115288,0.17149207858847115,1643.58,683.571,960.0089999999999
66,7.222222222,35.0,7.222222222,7.222222222,7.222222222,7.222222222,7.222222222,7.222222222,7.222222222,7.222222222,0.824569908690896,0.0,0.824569908690896,0.17543009130910403,1647.27,683.58,963.6899999999999
67,7.083333333,36.25,7.083333333,7.083333333,7.083333333,7.083333333,7.083333333,7.083333333,7.083333333,7.083333333,0.82187392889778,0.0,0.82187392889778,0.17812607110222,1650.84,683.572,967.2679999999999
68,6.944444444,37.5,6.944444444,6.944444444,6.944444444,6.944444444,6.944444444,6.944444444,6.944444444,6.944444444,0.7227860213111356,0.0,0.7227860213111356,0.27721397868886444,1554.09,685.06,869.03
69,6.805555556,38.75,6.805555556,6.805555556,6.805555556,6.805555556,6.805555556,6.805555556,6.805555556,6.805555556,0.817996911730202,0.0,0.817996911730202,0.18200308826979805,1657.54,689.703,967.837
70,6.666666667,40.0,6.666666667,6.666666667,6.666666667,6.666666667,6.666666667,6.666666667,6.666666667,6.666666667,0.819677875168083,0.0,0.819677875168083,0.180322124831917,1660.65,707.156,953.4940000000001
71,6.527777778,41.25,6.527777778,6.527777778,6.527777778,6.527777778,6.527777778,6.527777778,6.527777778,6.527777778,0.824893564587674,0.0,0.824893564587674,0.17510643541232596,1663.59,743.2,920.3899999999999
72,6.388888889,42.5,6.388888889,6.388888889,6.388888889,6.388888889,6.388888889,6.388888889,6.388888889,6.388888889,0.828125499716571,0.0,0.828125499716571,0.171874500283429,1666.35,749.93,916.42
73,6.25,43.75,6.25,6.25,6.25,6.25,6.25,6.25,6.25,6.25,0.832081904604925,0.0,0.832081904604925,0.16791809539507496,1668.91,754.46,914.45
74,6.111111111,45.0,6.111111111,6.111111111,6.111111111,6.111111111,6.111111111,6.111111111,6.111111111,6.111111111,0.8371128429652139,0.0,0.8371128429652139,0.16288715703478607,1671.28,759.19,912.0899999999999
75,5.972222222,46.25,5.972222222,5.972222222,5.972222222,5.972222222,5.972222222,5.972222222,5.972222222,5.972222222,0.842159728614492,0.0,0.842159728614492,0.15784027138550805,1673.42,762.09,911.33
76,5.833333333,47.5,5.833333333,5.833333333,5.833333333,5.833333333,5.833333333,5.833333333,5.833333333,5.833333333,0.847525806607333,0.0,0.847525806607333,0.152474193392667,1675.34,764.56,910.78
77,5.694444444,48.75,5.694444444,5.694444444,5.694444444,5.694444444,5.694444444,5.694444444,5.694444444,5.694444444,0.852422905502291,0.0,0.852422905502291,0.14757709449770895,1677.87,767.54,910.3299999999999
78,5.555555556,50.0,5.555555556,5.555555556,5.555555556,5.555555556,5.555555556,5.555555556,5.555555556,5.555555556,0.857791234413063,0.0,0.857791234413063,0.14220876558693696,1678.5,774.94,903.56
79,5.416666667,51.25,5.416666667,5.416666667,5.416666667,5.416666667,5.416666667,5.416666667,5.416666667,5.416666667,0.8575742399772862,0.0,0.8575742399772862,0.1424257600227138,1679.72,794.7,885.02
80,5.277777778,52.5,5.277777778,5.277777778,5.277777778,5.277777778,5.277777778,5.277777778,5.277777778,5.277777778,0.8662429573926766,0.0,0.8662429573926766,0.13375704260732335,1680.54,797.19,883.3499999999999
81,5.138888889,53.75,5.138888889,5.138888889,5.138888889,5.138888889,5.138888889,5.138888889,5.138888889,5.138888889,0.8851819900540852,0.0,0.8851819900540852,0.11481800994591485,1681.39,787.06,894.3300000000002
82,5.0,55.0,5.0,5.0,5.0,5.0,5.0,5.0,5.0,5.0,0.8923699223577549,0.0,0.8923699223577549,0.10763007764224508,1681.82,800.15,881.67
83,4.861111111,56.25,4.861111111,4.861111111,4.861111111,4.861111111,4.861111111,4.861111111,4.861111111,4.861111111,0.8994217953504616,0.0,0.8994217953504616,0.10057820464953837,1681.99,802.26,879.73
84,4.722222222,57.5,4.722222222,4.722222222,4.722222222,4.722222222,4.722222222,4.722222222,4.722222222,4.722222222,0.906340928824914,0.0,0.906340928824914,0.09365907117508598,1681.88,804.15,877.7300000000001
85,4.583333333,58.75,4.583333333,4.583333333,4.583333333,4.583333333,4.583333333,4.583333333,4.583333333,4.583333333,0.9058945618088947,0.0,0.9058945618088947,0.09410543819110528,1681.35,806.72,874.6299999999999
86,4.444444444,60.0,4.444444444,4.444444444,4.444444444,4.444444444,4.444444444,4.444444444,4.444444444,4.444444444,0.9174662947689803,0.0,0.9174662947689803,0.08253370523101966,1680.77,814.53,866.24
87,4.305555556,61.25,4.305555556,4.305555556,4.305555556,4.305555556,4.305555556,4.305555556,4.305555556,4.305555556,0.9216937282000125,0.0,0.9216937282000125,0.0783062717999875,1679.77,807.96,871.81
88,4.166666667,62.5,4.166666667,4.166666667,4.166666667,4.166666667,4.166666667,4.166666667,4.166666667,4.166666667,0.926224600997059,0.0,0.926224600997059,0.07377539900294094,1678.47,809.17,869.3000000000001
89,4.027777778,63.75,4.027777778,4.027777778,4.027777778,4.027777778,4.027777778,4.027777778,4.027777778,4.027777778,0.8268651996530529,0.0,0.8268651996530529,0.17313480034694706,1579.31,808.97,770.3399999999999
90,3.888888889,65.0,3.888888889,3.888888889,3.888888889,3.888888889,3.888888889,3.888888889,3.888888889,3.888888889,0.9376791091739407,0.0,0.9376791091739407,0.062320890826059294,1674.93,810.08,864.85
91,3.75,66.25,3.75,3.75,3.75,3.75,3.75,3.75,3.75,3.75,0.9430145382448109,0.0,0.9430145382448109,0.05698546175518915,1672.69,810.65,862.0400000000001
92,3.611111111,67.5,3.611111111,3.611111111,3.611111111,3.611111111,3.611111111,3.611111111,3.611111111,3.611111111,0.9475869605884196,0.0,0.9475869605884196,0.052413039411580375,1670.14,811.54,858.6000000000001
93,3.472222222,68.75,3.472222222,3.472222222,3.472222222,3.472222222,3.472222222,3.472222222,3.472222222,3.472222222,0.947255442949645,0.0,0.947255442949645,0.05274455705035497,1667.28,812.46,854.8199999999999
94,3.333333333,70.0,3.333333333,3.333333333,3.333333333,3.333333333,3.333333333,3.333333333,3.333333333,3.333333333,0.886389306901702,0.0,0.886389306901702,0.11361069309829797,1664.11,813.57,850.5399999999998
95,11.1111,11.1111,0.0001,11.1111,11.1111,11.1111,11.1111,11.1111,11.1111,11.1111,0.584336757125631,0.0977744180059869,0.6821111751316179,0.3178888248683821,1588.58,747.83,840.7499999999999
96,10.97222222,10.97222222,1.25,10.97222222,10.97222222,10.97222222,10.97222222,10.97222222,10.97222222,10.97222222,0.295662050699045,0.0975162965106962,0.3931783472097412,0.6068216527902588,1587.63,751.01,836.6200000000001
97,10.83333333,10.83333333,2.5,10.83333333,10.83333333,10.83333333,10.83333333,10.83333333,10.83333333,10.83333333,0.348201657800872,0.0950670322338938,0.44326869003476577,0.5567313099652342,1586.74,752.85,833.89
98,10.69444444,10.69444444,3.75,10.69444444,10.69444444,10.69444444,10.69444444,10.69444444,10.69444444,10.69444444,0.377372833764145,0.0916982074665206,0.46907104123066556,0.5309289587693344,1585.9,752.15,833.7500000000001
99,10.55555556,10.55555556,5.0,10.55555556,10.55555556,10.55555556,10.55555556,10.55555556,10.55555556,10.55555556,0.404230372963756,0.0887083754105125,0.49293874837426854,0.5070612516257315,1585.11,751.54,833.5699999999999
100,10.41666667,10.41666667,6.25,10.41666667,10.41666667,10.41666667,10.41666667,10.41666667,10.41666667,10.41666667,0.429808619456961,0.0857618512497206,0.5155704707066816,0.4844295292933184,1585.23,751.5,833.73
101,10.27777778,10.27777778,7.5,10.27777778,10.27777778,10.27777778,10.27777778,10.27777778,10.27777778,10.27777778,0.45482430581846,0.0831431830255515,0.5379674888440115,0.46203251115598853,1583.69,750.96,832.73
102,10.13888889,10.13888889,8.75,10.13888889,10.13888889,10.13888889,10.13888889,10.13888889,10.13888889,10.13888889,0.479418859189453,0.0810320899027595,0.5604509490922125,0.4395490509077875,1583.05,749.92,833.13
103,10.0,10.0,10.0,10.0,10.0,10.0,10.0,10.0,10.0,10.0,0.749087364807621,0.0841175384032676,0.8332049032108886,0.16679509678911142,1582.48,746.15,836.33
104,9.861111111,9.861111111,11.25,9.861111111,9.861111111,9.861111111,9.861111111,9.861111111,9.861111111,9.861111111,0.524624657870996,0.0767421092466403,0.6013667671176363,0.39863323288236374,1581.96,749.6,832.36
105,9.722222222,9.722222222,12.5,9.722222222,9.722222222,9.722222222,9.722222222,9.722222222,9.722222222,9.722222222,0.545304747291063,0.0751076815578631,0.6204124288489261,0.3795875711510739,1581.5,749.48,832.02
106,9.583333333,9.583333333,13.75,9.583333333,9.583333333,9.583333333,9.583333333,9.583333333,9.583333333,9.583333333,0.564512634431461,0.0735212685638401,0.6380339029953012,0.36196609700469884,1581.11,749.36,831.7499999999999
107,9.444444444,9.444444444,15.0,9.444444444,9.444444444,9.444444444,9.444444444,9.444444444,9.444444444,9.444444444,0.582536966457896,0.072076832913747,0.654613799371643,0.345386200628357,1580.79,749.34,831.4499999999999
108,9.305555556,9.305555556,16.25,9.305555556,9.305555556,9.305555556,9.305555556,9.305555556,9.305555556,9.305555556,0.851554957598995,0.0707555317958586,0.9223104893948536,0.0776895106051464,1580.56,749.42,831.14
109,9.166666667,9.166666667,17.5,9.166666667,9.166666667,9.166666667,9.166666667,9.166666667,9.166666667,9.166666667,0.615613109213401,0.0696847330836227,0.6852978422970236,0.3147021577029764,1580.41,749.7,830.71
110,9.027777778,9.027777778,18.75,9.027777778,9.027777778,9.027777778,9.027777778,9.027777778,9.027777778,9.027777778,0.630607288796098,0.0682636141135506,0.6988709029096486,0.3011290970903514,1580.37,751.01,829.3599999999999
111,8.888888889,8.888888889,20.0,8.888888889,8.888888889,8.888888889,8.888888889,8.888888889,8.888888889,8.888888889,0.644745663106673,0.0671930717461591,0.7119387348528321,0.2880612651471679,1581.29,751.44,829.8499999999999
112,8.75,8.75,21.25,8.75,8.75,8.75,8.75,8.75,8.75,8.75,0.658218371499969,0.0659067417959455,0.7241251132959144,0.27587488670408555,1580.65,752.94,827.71
113,8.611111111,8.611111111,22.5,8.611111111,8.611111111,8.611111111,8.611111111,8.611111111,8.611111111,8.611111111,0.888213140043688,0.0649460510810878,0.9531591911247758,0.04684080887522424,1581.02,753.52,827.5
114,8.472222222,8.472222222,23.75,8.472222222,8.472222222,8.472222222,8.472222222,8.472222222,8.472222222,8.472222222,0.893612220059507,0.0637554756366003,0.9573676956961074,0.04263230430389264,1581.56,755.19,826.3699999999999
115,8.333333333,8.333333333,25.0,8.333333333,8.333333333,8.333333333,8.333333333,8.333333333,8.333333333,8.333333333,0.898506014248548,0.0626091824741771,0.9611151967227252,0.03888480327727484,1582.32,756.93,825.39
116,8.194444444,8.194444444,26.25,8.194444444,8.194444444,8.194444444,8.194444444,8.194444444,8.194444444,8.194444444,0.902961011656591,0.0615058486142357,0.9644668602708267,0.03553313972917327,1583.33,758.73,824.5999999999999
117,8.055555556,8.055555556,27.5,8.055555556,8.055555556,8.055555556,8.055555556,8.055555556,8.055555556,8.055555556,0.906957293636704,0.0604456669354671,0.967402960572171,0.03259703942782899,1585.43,760.57,824.86
118,7.916666667,7.916666667,28.75,7.916666667,7.916666667,7.916666667,7.916666667,7.916666667,7.916666667,7.916666667,0.910802818192018,0.0594175099812576,0.9702203281732756,0.029779671826724363,1586.22,762.48,823.74
119,7.777777778,7.777777778,30.0,7.777777778,7.777777778,7.777777778,7.777777778,7.777777778,7.777777778,7.777777778,0.914808607592392,0.0580254725099398,0.9728340801023319,0.027165919897668145,1588.95,766.27,822.6800000000001
120,7.638888889,7.638888889,31.25,7.638888889,7.638888889,7.638888889,7.638888889,7.638888889,7.638888889,7.638888889,0.918117922912055,0.0570230521151662,0.9751409750272212,0.02485902497277881,1590.48,770.06,820.4200000000001
121,7.5,7.5,32.5,7.5,7.5,7.5,7.5,7.5,7.5,7.5,0.921003019068584,0.0558044417831882,0.9768074608517722,0.02319253914822783,1593.16,775.84,817.32
122,7.361111111,7.361111111,33.75,7.361111111,7.361111111,7.361111111,7.361111111,7.361111111,7.361111111,7.361111111,0.924282271569346,0.0546716914211362,0.9789539629904821,0.021046037009517904,1596.21,780.25,815.96
123,7.222222222,7.222222222,35.0,7.222222222,7.222222222,7.222222222,7.222222222,7.222222222,7.222222222,7.222222222,0.926834371103753,0.0535069916531263,0.9803413627568793,0.01965863724312067,1599.61,785.77,813.8399999999999
124,7.083333333,7.083333333,36.25,7.083333333,7.083333333,7.083333333,7.083333333,7.083333333,7.083333333,7.083333333,0.929045972050525,0.0524107349143756,0.9814567069649006,0.018543293035099384,1604.12,790.84,813.2799999999999
125,6.944444444,6.944444444,37.5,6.944444444,6.944444444,6.944444444,6.944444444,6.944444444,6.944444444,6.944444444,0.674625091895744,0.0509788194917509,0.7256039113874949,0.2743960886125051,1512.76,797.88,714.88
126,6.805555556,6.805555556,38.75,6.805555556,6.805555556,6.805555556,6.805555556,6.805555556,6.805555556,6.805555556,0.93363092806945,0.0500940466821481,0.9837249747515981,0.016275025248401853,1611.61,802.22,809.3899999999999
127,6.666666667,6.666666667,40.0,6.666666667,6.666666667,6.666666667,6.666666667,6.666666667,6.666666667,6.666666667,0.935646904198289,0.0488369652702134,0.9844838694685024,0.015516130531497585,1616.12,808.79,807.3299999999999
128,6.527777778,6.527777778,41.25,6.527777778,6.527777778,6.527777778,6.527777778,6.527777778,6.527777778,6.527777778,0.937925431671228,0.0476028151623507,0.9855282468335786,0.014471753166421353,1620.84,814.82,806.0199999999999
129,6.388888889,6.388888889,42.5,6.388888889,6.388888889,6.388888889,6.388888889,6.388888889,6.388888889,6.388888889,0.939181183582461,0.0465574212992847,0.9857386048817458,0.014261395118254194,1625.75,820.28,805.47
130,6.25,6.25,43.75,6.25,6.25,6.25,6.25,6.25,6.25,6.25,0.940350216170812,0.0453440040229279,0.98569422019374,0.014305779806260022,1630.82,825.82,804.9999999999999
131,6.111111111,6.111111111,45.0,6.111111111,6.111111111,6.111111111,6.111111111,6.111111111,6.111111111,6.111111111,0.941769717012999,0.0440605158955079,0.9858302329085069,0.01416976709149309,1636.83,831.99,804.8399999999999
132,5.972222222,5.972222222,46.25,5.972222222,5.972222222,5.972222222,5.972222222,5.972222222,5.972222222,5.972222222,0.943039732416282,0.042748583088733,0.985788315505015,0.014211684494985,1641.38,837.93,803.4500000000002
133,5.833333333,5.833333333,47.5,5.833333333,5.833333333,5.833333333,5.833333333,5.833333333,5.833333333,5.833333333,0.944290910355511,0.0414349434404524,0.9857258537959634,0.014274146204036553,1646.85,844.1,802.7499999999999
134,5.694444444,5.694444444,48.75,5.694444444,5.694444444,5.694444444,5.694444444,5.694444444,5.694444444,5.694444444,0.945388438262112,0.0401068406363573,0.9854952788984693,0.014504721101530671,1652.4,850.36,802.0400000000001
135,5.555555556,5.555555556,50.0,5.555555556,5.555555556,5.555555556,5.555555556,5.555555556,5.555555556,5.555555556,0.866465079700736,0.0389032109963177,0.9053682906970537,0.09463170930294629,1658.06,855.65,802.41
136,11.1111,11.1111,11.1111,0.0001,11.1111,11.1111,11.1111,11.1111,11.1111,11.1111,0.8839934209116695,0.0624766619998582,0.9464700829115278,0.05352991708847221,1651.0,742.18,908.82
137,10.97222222,10.97222222,10.97222222,1.25,10.97222222,10.97222222,10.97222222,10.97222222,10.97222222,10.97222222,0.8571632281185564,0.0702567536395368,0.9274199817580931,0.07258001824190685,1641.91,746.02,895.8900000000001
138,10.83333333,10.83333333,10.83333333,2.5,10.83333333,10.83333333,10.83333333,10.83333333,10.83333333,10.83333333,0.8389249298334732,0.0735536274978339,0.9124785573313071,0.08752144266869288,1632.97,745.94,887.03
139,10.69444444,10.69444444,10.69444444,3.75,10.69444444,10.69444444,10.69444444,10.69444444,10.69444444,10.69444444,0.501386668282433,0.0754021162711201,0.5767887845535531,0.4232112154464469,1624.17,746.56,877.6100000000001
140,10.55555556,10.55555556,10.55555556,5.0,10.55555556,10.55555556,10.55555556,10.55555556,10.55555556,10.55555556,0.814836570746884,0.0765980015260216,0.8914345722729056,0.10856542772709443,1615.53,747.29,868.24
141,10.41666667,10.41666667,10.41666667,6.25,10.41666667,10.41666667,10.41666667,10.41666667,10.41666667,10.41666667,0.8071467861887183,0.0776919277981557,0.884838713986874,0.11516128601312603,1607.04,746.94,860.0999999999999
142,10.27777778,10.27777778,10.27777778,7.5,10.27777778,10.27777778,10.27777778,10.27777778,10.27777778,10.27777778,0.500065374444382,0.0784370564136469,0.5785024308580289,0.4214975691419711,1598.69,747.52,851.1700000000001
143,10.13888889,10.13888889,10.13888889,8.75,10.13888889,10.13888889,10.13888889,10.13888889,10.13888889,10.13888889,0.793180794143,0.0783465763826377,0.8715273705256377,0.12847262947436233,1590.5,749.43,841.07
144,10.0,10.0,10.0,10.0,10.0,10.0,10.0,10.0,10.0,10.0,0.749087364807621,0.0841175384032676,0.8332049032108886,0.16679509678911142,1582.48,746.15,836.33
145,9.861111111,9.861111111,9.861111111,11.25,9.861111111,9.861111111,9.861111111,9.861111111,9.861111111,9.861111111,0.505069416633479,0.0790406750317941,0.5841100916652732,0.41588990833472683,1574.62,750.07,824.5499999999998
146,9.722222222,9.722222222,9.722222222,12.5,9.722222222,9.722222222,9.722222222,9.722222222,9.722222222,9.722222222,0.507795805504022,0.078898683643561,0.586694489147583,0.41330551085241696,1566.96,751.34,815.62
147,9.583333333,9.583333333,9.583333333,13.75,9.583333333,9.583333333,9.583333333,9.583333333,9.583333333,9.583333333,0.510845565905391,0.0786747371071059,0.5895203030124969,0.4104796969875031,1559.5,752.57,806.93
148,9.444444444,9.444444444,9.444444444,15.0,9.444444444,9.444444444,9.444444444,9.444444444,9.444444444,9.444444444,0.51418677168701,0.0783788446054963,0.5925656162925063,0.40743438370749374,1552.27,753.78,798.49
149,9.305555556,9.305555556,9.305555556,16.25,9.305555556,9.305555556,9.305555556,9.305555556,9.305555556,9.305555556,0.517795041073031,0.0780251782751259,0.5958202193481569,0.4041797806518431,1545.32,754.93,790.39
150,9.166666667,9.166666667,9.166666667,17.5,9.166666667,9.166666667,9.166666667,9.166666667,9.166666667,9.166666667,0.521617938763736,0.0776078515996336,0.5992257903633695,0.40077420963663046,1538.56,756.06,782.5
151,9.027777778,9.027777778,9.027777778,18.75,9.027777778,9.027777778,9.027777778,9.027777778,9.027777778,9.027777778,0.525888181540328,0.0772488141987241,0.6031369957390521,0.3968630042609479,1532.42,757.15,775.2700000000001
152,8.888888889,8.888888889,8.888888889,20.0,8.888888889,8.888888889,8.888888889,8.888888889,8.888888889,8.888888889,0.530062389586499,0.0768591291511663,0.6069215187376653,0.3930784812623347,1527.42,757.78,769.6400000000001
153,8.75,8.75,8.75,21.25,8.75,8.75,8.75,8.75,8.75,8.75,0.534709120690483,0.0762940556427227,0.6110031763332058,0.3889968236667942,1521.42,758.77,762.6500000000001
154,8.611111111,8.611111111,8.611111111,22.5,8.611111111,8.611111111,8.611111111,8.611111111,8.611111111,8.611111111,0.53944122079142,0.0755154924265516,0.6149567132179716,0.38504328678202837,1516.75,760.51,756.24
155,8.472222222,8.472222222,8.472222222,23.75,8.472222222,8.472222222,8.472222222,8.472222222,8.472222222,8.472222222,0.544353967039761,0.074859160559232,0.619213127598993,0.38078687240100695,1513.16,761.54,751.6200000000001
156,8.333333333,8.333333333,8.333333333,25.0,8.333333333,8.333333333,8.333333333,8.333333333,8.333333333,8.333333333,0.549697567644547,0.0741544292921662,0.6238519969367132,0.3761480030632868,1510.82,762.57,748.2499999999999
157,8.194444444,8.194444444,8.194444444,26.25,8.194444444,8.194444444,8.194444444,8.194444444,8.194444444,8.194444444,0.55519835156781,0.0735029041310921,0.628701255698902,0.371298744301098,1509.44,763.6,745.84
158,8.055555556,8.055555556,8.055555556,27.5,8.055555556,8.055555556,8.055555556,8.055555556,8.055555556,8.055555556,0.560795477884871,0.0727637641283228,0.6335592420131939,0.3664407579868061,1509.19,764.65,744.5400000000001
159,7.916666667,7.916666667,7.916666667,28.75,7.916666667,7.916666667,7.916666667,7.916666667,7.916666667,7.916666667,0.566729832548029,0.0720822077494119,0.6388120402974409,0.3611879597025591,1509.96,765.66,744.3000000000001
160,7.777777778,7.777777778,7.777777778,30.0,7.777777778,7.777777778,7.777777778,7.777777778,7.777777778,7.777777778,0.597606165082564,0.071051176637793,0.6686573417203571,0.33134265827964293,1511.39,767.7,743.69
161,7.638888889,7.638888889,7.638888889,31.25,7.638888889,7.638888889,7.638888889,7.638888889,7.638888889,7.638888889,0.579148364795489,0.0703244213334385,0.6494727861289276,0.35052721387107244,1513.9,768.75,745.1500000000001
162,7.5,7.5,7.5,32.5,7.5,7.5,7.5,7.5,7.5,7.5,0.585640477080528,0.0693065118894476,0.6549469889699756,0.3450530110300244,1516.81,770.75,746.06
163,7.361111111,7.361111111,7.361111111,33.75,7.361111111,7.361111111,7.361111111,7.361111111,7.361111111,7.361111111,0.592445695620149,0.0683382077609425,0.6607839033810915,0.3392160966189085,1520.18,772.87,747.3100000000001
164,7.222222222,7.222222222,7.222222222,35.0,7.222222222,7.222222222,7.222222222,7.222222222,7.222222222,7.222222222,0.599465645301706,0.0676107177157363,0.6670763630174423,0.33292363698255767,1523.94,773.77,750.1700000000001
165,7.083333333,7.083333333,7.083333333,36.25,7.083333333,7.083333333,7.083333333,7.083333333,7.083333333,7.083333333,0.606563683726257,0.0664626953806563,0.6730263791069133,0.3269736208930867,1528.02,776.79,751.23
166,6.944444444,6.944444444,6.944444444,37.5,6.944444444,6.944444444,6.944444444,6.944444444,6.944444444,6.944444444,0.613853062524917,0.0656170767024444,0.6794701392273614,0.32052986077263856,1532.36,778.33,754.0299999999999
167,6.805555556,6.805555556,6.805555556,38.75,6.805555556,6.805555556,6.805555556,6.805555556,6.805555556,6.805555556,0.621275303360903,0.0645823594218795,0.6858576627827825,0.3141423372172175,1536.94,780.81,756.1300000000001
168,6.666666667,6.666666667,6.666666667,40.0,6.666666667,6.666666667,6.666666667,6.666666667,6.666666667,6.666666667,0.628907891563691,0.0635649007029969,0.6924727922666879,0.3075272077333121,1541.7,783.25,758.45
169,6.527777778,6.527777778,6.527777778,41.25,6.527777778,6.527777778,6.527777778,6.527777778,6.527777778,6.527777778,0.636708404359963,0.0623410784157377,0.6990494827757007,0.30095051722429933,1546.64,786.89,759.7500000000001
170,6.388888889,6.388888889,6.388888889,42.5,6.388888889,6.388888889,6.388888889,6.388888889,6.388888889,6.388888889,0.644671808495445,0.0613166650607111,0.7059884735561561,0.2940115264438439,1551.74,789.12,762.62
171,6.25,6.25,6.25,43.75,6.25,6.25,6.25,6.25,6.25,6.25,0.652773387466841,0.0602888368886829,0.7130622243555239,0.2869377756444761,1556.97,791.38,765.59
172,6.111111111,6.111111111,6.111111111,45.0,6.111111111,6.111111111,6.111111111,6.111111111,6.111111111,6.111111111,0.661035051481298,0.0590933565965896,0.7201284080778876,0.2798715919221124,1562.33,794.65,767.68
173,5.972222222,5.972222222,5.972222222,46.25,5.972222222,5.972222222,5.972222222,5.972222222,5.972222222,5.972222222,0.669438996043692,0.0580324850577911,0.7274714811014831,0.2725285188985169,1567.8,796.96,770.8399999999999
174,5.833333333,5.833333333,5.833333333,47.5,5.833333333,5.833333333,5.833333333,5.833333333,5.833333333,5.833333333,0.677964012149385,0.0568217180106204,0.7347857301600054,0.26521426983999463,1573.39,800.26,773.1300000000001
175,5.694444444,5.694444444,5.694444444,48.75,5.694444444,5.694444444,5.694444444,5.694444444,5.694444444,5.694444444,0.686601045252849,0.0555901086619165,0.7421911539147655,0.25780884608523447,1579.09,803.61,775.4799999999999
176,5.555555556,5.555555556,5.555555556,50.0,5.555555556,5.555555556,5.555555556,5.555555556,5.555555556,5.555555556,0.695347406071003,0.0545043439309934,0.7498517500019963,0.25014824999800367,1584.9,805.98,778.9200000000001
177,11.1111,11.1111,11.1111,11.1111,0.0001,11.1111,11.1111,11.1111,11.1111,11.1111,0.5056218100835739,0.065672284644161,0.5712940947277348,0.42870590527226515,1669.72,889.48,780.24
178,10.97222222,10.97222222,10.97222222,10.97222222,1.25,10.97222222,10.97222222,10.97222222,10.97222222,10.97222222,0.5011522271407745,0.0704429638809312,0.5715951910217056,0.42840480897829436,1658.38,849.27,809.1100000000001
179,10.83333333,10.83333333,10.83333333,10.83333333,2.5,10.83333333,10.83333333,10.83333333,10.83333333,10.83333333,0.502255703404446,0.0707783632981818,0.5730340667026278,0.4269659332973722,1647.21,808.8,838.4100000000001
180,10.69444444,10.69444444,10.69444444,10.69444444,3.75,10.69444444,10.69444444,10.69444444,10.69444444,10.69444444,0.5031301975094796,0.0698705400362102,0.5730007375456898,0.4269992624543102,1636.17,777.11,859.0600000000001
181,10.55555556,10.55555556,10.55555556,10.55555556,5.0,10.55555556,10.55555556,10.55555556,10.55555556,10.55555556,0.4029831773044778,0.0699540531171425,0.4729372304216203,0.5270627695783797,1526.04,760.71,765.3299999999999
182,10.41666667,10.41666667,10.41666667,10.41666667,6.25,10.41666667,10.41666667,10.41666667,10.41666667,10.41666667,0.5043909201224469,0.0719325620760564,0.5763234821985033,0.42367651780149673,1614.45,753.06,861.3900000000001
183,10.27777778,10.27777778,10.27777778,10.27777778,7.5,10.27777778,10.27777778,10.27777778,10.27777778,10.27777778,0.406357357952803,0.0739175681294985,0.4802749260823015,0.5197250739176985,1505.12,749.68,755.4399999999999
184,10.13888889,10.13888889,10.13888889,10.13888889,8.75,10.13888889,10.13888889,10.13888889,10.13888889,10.13888889,0.502921856578177,0.0763098756607986,0.5792317322389756,0.4207682677610244,1593.08,748.39,844.6899999999999
185,10.0,10.0,10.0,10.0,10.0,10.0,10.0,10.0,10.0,10.0,0.749087364807621,0.0841175384032676,0.8332049032108886,0.16679509678911142,1582.48,746.15,836.33
186,9.861111111,9.861111111,9.861111111,9.861111111,11.25,9.861111111,9.861111111,9.861111111,9.861111111,9.861111111,0.503357109816006,0.0816103918467948,0.5849675016628009,0.41503249833719913,1571.91,751.18,820.7300000000001
187,9.722222222,9.722222222,9.722222222,9.722222222,12.5,9.722222222,9.722222222,9.722222222,9.722222222,9.722222222,0.504042634201394,0.0843276692182472,0.5883703034196411,0.41162969658035886,1561.36,752.55,808.81
188,9.583333333,9.583333333,9.583333333,9.583333333,13.75,9.583333333,9.583333333,9.583333333,9.583333333,9.583333333,0.777836204151985,0.0870501287583683,0.8648863329103532,0.13511366708964678,1550.81,754.24,796.5699999999999
189,9.444444444,9.444444444,9.444444444,9.444444444,15.0,9.444444444,9.444444444,9.444444444,9.444444444,9.444444444,0.773513619416063,0.0900263788662799,0.8635399982823428,0.13646000171765715,1540.25,756.31,783.94
190,9.305555556,9.305555556,9.305555556,9.305555556,16.25,9.305555556,9.305555556,9.305555556,9.305555556,9.305555556,0.506340643130865,0.0933166015100858,0.5996572446409508,0.4003427553590492,1529.66,757.85,771.8100000000001
191,9.166666667,9.166666667,9.166666667,9.166666667,17.5,9.166666667,9.166666667,9.166666667,9.166666667,9.166666667,0.507316722154128,0.0966129286233667,0.6039296507774947,0.3960703492225053,1519.03,759.46,759.5699999999999
192,9.027777778,9.027777778,9.027777778,9.027777778,18.75,9.027777778,9.027777778,9.027777778,9.027777778,9.027777778,0.761567190470675,0.099742588798637,0.861309779269312,0.13869022073068804,1508.35,761.03,747.3199999999999
193,8.888888889,8.888888889,8.888888889,8.888888889,20.0,8.888888889,8.888888889,8.888888889,8.888888889,8.888888889,0.756847588280946,0.103127722885435,0.859975311166381,0.14002468883361896,1497.6,762.67,734.93
194,8.75,8.75,8.75,8.75,21.25,8.75,8.75,8.75,8.75,8.75,0.752256504995452,0.107083948773015,0.859340453768467,0.14065954623153298,1486.78,763.23,723.55
195,8.611111111,8.611111111,8.611111111,8.611111111,22.5,8.611111111,8.611111111,8.611111111,8.611111111,8.611111111,0.51233808339537,0.110659703850461,0.622997787245831,0.377002212754169,1475.87,764.72,711.1499999999999
196,8.472222222,8.472222222,8.472222222,8.472222222,23.75,8.472222222,8.472222222,8.472222222,8.472222222,8.472222222,0.514113135602503,0.114693724893273,0.628806860495776,0.37119313950422395,1464.87,765.36,699.5099999999999
197,8.333333333,8.333333333,8.333333333,8.333333333,25.0,8.333333333,8.333333333,8.333333333,8.333333333,8.333333333,0.740228034789637,0.118214008039908,0.858442042829545,0.14155795717045505,1453.76,766.92,686.84
198,8.194444444,8.194444444,8.194444444,8.194444444,26.25,8.194444444,8.194444444,8.194444444,8.194444444,8.194444444,0.7358046959526068,0.122570714955367,0.8583754109079738,0.14162458909202624,1442.54,767.5,675.04
199,8.055555556,8.055555556,8.055555556,8.055555556,27.5,8.055555556,8.055555556,8.055555556,8.055555556,8.055555556,0.7313089266976385,0.127258977344221,0.8585679040418595,0.14143209595814055,1431.2,768.03,663.1700000000001
200,7.916666667,7.916666667,7.916666667,7.916666667,28.75,7.916666667,7.916666667,7.916666667,7.916666667,7.916666667,0.740244593088702,0.132287404602786,0.872531997691488,0.12746800230851196,1419.73,768.52,651.21
201,7.777777778,7.777777778,7.777777778,7.777777778,30.0,7.777777778,7.777777778,7.777777778,7.777777778,7.777777778,0.735203150902851,0.137605042778197,0.872808193681048,0.127191806318952,1408.13,769.05,639.0800000000002
202,7.638888889,7.638888889,7.638888889,7.638888889,31.25,7.638888889,7.638888889,7.638888889,7.638888889,7.638888889,0.729831231357203,0.142955104978844,0.872786336336047,0.12721366366395304,1396.4,770.61,625.7900000000001
203,7.5,7.5,7.5,7.5,32.5,7.5,7.5,7.5,7.5,7.5,0.724176113719958,0.149325613286896,0.873501727006854,0.12649827299314598,1384.36,771.11,613.2499999999999
204,7.361111111,7.361111111,7.361111111,7.361111111,33.75,7.361111111,7.361111111,7.361111111,7.361111111,7.361111111,0.7180252169840481,0.156309468607948,0.8743346855919961,0.12566531440800388,1372.52,771.44,601.0799999999999
205,7.222222222,7.222222222,7.222222222,7.222222222,35.0,7.222222222,7.222222222,7.222222222,7.222222222,7.222222222,0.711499081360653,0.163637033731146,0.875136115091799,0.124863884908201,1360.36,771.83,588.5299999999999
206,7.083333333,7.083333333,7.083333333,7.083333333,36.25,7.083333333,7.083333333,7.083333333,7.083333333,7.083333333,0.70464816327707,0.171403578694108,0.876051741971178,0.12394825802882203,1347.88,772.16,575.7200000000001
207,6.944444444,6.944444444,6.944444444,6.944444444,37.5,6.944444444,6.944444444,6.944444444,6.944444444,6.944444444,0.697528703991464,0.17946210180161,0.8769908057930741,0.12300919420692591,1335.44,772.5,562.94
208,6.805555556,6.805555556,6.805555556,6.805555556,38.75,6.805555556,6.805555556,6.805555556,6.805555556,6.805555556,0.69056931470077,0.187616435166221,0.8781857498669909,0.12181425013300906,1323.02,772.76,550.26
209,6.666666667,6.666666667,6.666666667,6.666666667,40.0,6.666666667,6.666666667,6.666666667,6.666666667,6.666666667,0.684140394927163,0.194608852924671,0.8787492478518341,0.12125075214816594,1310.28,773.96,536.3199999999999
210,6.527777778,6.527777778,6.527777778,6.527777778,41.25,6.527777778,6.527777778,6.527777778,6.527777778,6.527777778,0.678641791166784,0.201238538574605,0.8798803297413891,0.12011967025861092,1297.41,774.22,523.19
211,6.388888889,6.388888889,6.388888889,6.388888889,42.5,6.388888889,6.388888889,6.388888889,6.388888889,6.388888889,0.673876739220767,0.207165817438626,0.8810425566593929,0.1189574433406071,1284.39,774.45,509.94000000000005
212,6.25,6.25,6.25,6.25,43.75,6.25,6.25,6.25,6.25,6.25,0.669810483131976,0.212117708036472,0.881928191168448,0.118071808831552,1271.24,775.56,495.68000000000006
213,6.111111111,6.111111111,6.111111111,6.111111111,45.0,6.111111111,6.111111111,6.111111111,6.111111111,6.111111111,0.666210041470976,0.216981335105021,0.8831913765759969,0.11680862342400311,1258.84,775.65,483.18999999999994
214,5.972222222,5.972222222,5.972222222,5.972222222,46.25,5.972222222,5.972222222,5.972222222,5.972222222,5.972222222,0.6638273393112649,0.220903082382834,0.8847304216940989,0.11526957830590112,1251.22,775.81,475.4100000000001
215,5.833333333,5.833333333,5.833333333,5.833333333,47.5,5.833333333,5.833333333,5.833333333,5.833333333,5.833333333,0.6620198809707077,0.223833364309222,0.8858532452799297,0.1141467547200703,1244.73,776.95,467.78
216,5.694444444,5.694444444,5.694444444,5.694444444,48.75,5.694444444,5.694444444,5.694444444,5.694444444,5.694444444,0.6612070867709863,0.22655924929864,0.8877663360696263,0.1122336639303737,1239.09,777.11,461.9799999999999
217,5.555555556,5.555555556,5.555555556,5.555555556,50.0,5.555555556,5.555555556,5.555555556,5.555555556,5.555555556,0.6609883976522155,0.228107771690363,0.8890961693425785,0.11090383065742149,1234.16,778.29,455.8700000000001
218,11.1111,11.1111,11.1111,11.1111,11.1111,0.0001,11.1111,11.1111,11.1111,11.1111,0.5363544859799638,0.0604500943011034,0.5968045802810672,0.4031954197189328,1708.17,746.98,961.19
219,10.97222222,10.97222222,10.97222222,10.97222222,10.97222222,1.25,10.97222222,10.97222222,10.97222222,10.97222222,0.5295509920270837,0.0635844037848855,0.5931353958119692,0.40686460418803083,1692.68,745.67,947.0100000000001
220,10.83333333,10.83333333,10.83333333,10.83333333,10.83333333,2.5,10.83333333,10.83333333,10.83333333,10.83333333,0.523521275108752,0.0663742259335362,0.5898955010422882,0.41010449895771184,1677.11,745.18,931.93
221,10.69444444,10.69444444,10.69444444,10.69444444,10.69444444,3.75,10.69444444,10.69444444,10.69444444,10.69444444,0.518212785518794,0.0693323973772039,0.5875451828959979,0.4124548171040021,1661.33,745.06,916.27
222,10.55555556,10.55555556,10.55555556,10.55555556,10.55555556,5.0,10.55555556,10.55555556,10.55555556,10.55555556,0.514094319245783,0.0718023656040084,0.5858966848497914,0.4141033151502086,1646.55,745.17,901.38
223,10.41666667,10.41666667,10.41666667,10.41666667,10.41666667,6.25,10.41666667,10.41666667,10.41666667,10.41666667,0.5102027180026651,0.0737840025129543,0.5839867205156195,0.4160132794843805,1630.02,746.33,883.6899999999999
224,10.27777778,10.27777778,10.27777778,10.27777778,10.27777778,7.5,10.27777778,10.27777778,10.27777778,10.27777778,0.5073539374468791,0.0760056384869891,0.5833595759338681,0.4166404240661319,1614.1,746.13,867.9699999999999
225,10.13888889,10.13888889,10.13888889,10.13888889,10.13888889,8.75,10.13888889,10.13888889,10.13888889,10.13888889,0.504888498502847,0.0778819272094169,0.5827704257122639,0.4172295742877361,1598.36,746.97,851.3899999999999
226,10.0,10.0,10.0,10.0,10.0,10.0,10.0,10.0,10.0,10.0,0.749087364807621,0.0841175384032676,0.8332049032108886,0.16679509678911142,1582.48,746.15,836.33
227,9.861111111,9.861111111,9.861111111,9.861111111,9.861111111,11.25,9.861111111,9.861111111,9.861111111,9.861111111,0.50216165684789,0.0796034262721323,0.5817650831200223,0.4182349168799777,1566.55,752.67,813.88
228,9.722222222,9.722222222,9.722222222,9.722222222,9.722222222,12.5,9.722222222,9.722222222,9.722222222,9.722222222,0.501888381861327,0.0802058972603953,0.5820942791217223,0.4179057208782777,1550.43,756.19,794.24
229,9.583333333,9.583333333,9.583333333,9.583333333,9.583333333,13.75,9.583333333,9.583333333,9.583333333,9.583333333,0.765733654798822,0.0804192601439724,0.8461529149427944,0.15384708505720557,1534.6,760.47,774.1299999999999
230,9.444444444,9.444444444,9.444444444,9.444444444,9.444444444,15.0,9.444444444,9.444444444,9.444444444,9.444444444,0.758303122713642,0.0808321278972457,0.8391352506108877,0.16086474938911233,1518.58,764.54,754.04
231,9.305555556,9.305555556,9.305555556,9.305555556,9.305555556,16.25,9.305555556,9.305555556,9.305555556,9.305555556,0.750729882904001,0.0808765243405627,0.8316064072445637,0.1683935927554363,1502.54,770.65,731.89
232,9.166666667,9.166666667,9.166666667,9.166666667,9.166666667,17.5,9.166666667,9.166666667,9.166666667,9.166666667,0.505334905647336,0.0808682794458372,0.5862031850931732,0.41379681490682685,1486.47,778.8,707.6700000000001
233,9.027777778,9.027777778,9.027777778,9.027777778,9.027777778,18.75,9.027777778,9.027777778,9.027777778,9.027777778,0.73445567346094,0.0807392749233444,0.8151949483842844,0.1848050516157156,1470.39,786.07,684.32
234,8.888888889,8.888888889,8.888888889,8.888888889,8.888888889,20.0,8.888888889,8.888888889,8.888888889,8.888888889,0.726409757966759,0.0805482579064244,0.8069580158731834,0.1930419841268166,1454.28,794.78,659.5
235,8.75,8.75,8.75,8.75,8.75,21.25,8.75,8.75,8.75,8.75,0.690555621044391,0.079937483461198,0.770493104505589,0.22950689549441095,1438.16,797.64,640.5200000000001
236,8.611111111,8.611111111,8.611111111,8.611111111,8.611111111,22.5,8.611111111,8.611111111,8.611111111,8.611111111,0.652687220427745,0.0795017916162961,0.7321890120440411,0.2678109879559589,1421.89,799.6,622.2900000000001
237,8.472222222,8.472222222,8.472222222,8.472222222,8.472222222,23.75,8.472222222,8.472222222,8.472222222,8.472222222,0.424025478700373,0.0791719137326718,0.5031973924330448,0.49680260756695516,1405.91,803.92,601.9900000000001
238,8.333333333,8.333333333,8.333333333,8.333333333,8.333333333,25.0,8.333333333,8.333333333,8.333333333,8.333333333,0.589031793203599,0.0788305767227931,0.6678623699263921,0.33213763007360786,1389.8,809.19,580.6099999999999
239,8.194444444,8.194444444,8.194444444,8.194444444,8.194444444,26.25,8.194444444,8.194444444,8.194444444,8.194444444,0.55922418347086,0.0787025708193157,0.6379267542901756,0.36207324570982435,1373.73,814.31,559.4200000000001
240,8.055555556,8.055555556,8.055555556,8.055555556,8.055555556,27.5,8.055555556,8.055555556,8.055555556,8.055555556,0.541323305144593,0.0788052532654658,0.6201285584100589,0.37987144158994113,1365.8,821.17,544.63
241,7.916666667,7.916666667,7.916666667,7.916666667,7.916666667,28.75,7.916666667,7.916666667,7.916666667,7.916666667,0.536902484758235,0.0788984205131652,0.6158009052714002,0.3841990947285998,1365.3,830.76,534.54
242,7.777777778,7.777777778,7.777777778,7.777777778,7.777777778,30.0,7.777777778,7.777777778,7.777777778,7.777777778,0.535596857589115,0.0788847634587432,0.6144816210478582,0.3855183789521418,1364.71,840.75,523.96
243,7.638888889,7.638888889,7.638888889,7.638888889,7.638888889,31.25,7.638888889,7.638888889,7.638888889,7.638888889,0.536373211850653,0.0789529539735802,0.6153261658242332,0.38467383417576684,1363.52,849.6,513.92
244,7.5,7.5,7.5,7.5,7.5,32.5,7.5,7.5,7.5,7.5,0.53784855711595,0.0789824307307136,0.6168309878466636,0.38316901215333643,1361.93,858.5,503.43000000000006
245,7.361111111,7.361111111,7.361111111,7.361111111,7.361111111,33.75,7.361111111,7.361111111,7.361111111,7.361111111,0.539284809480795,0.0786844459560794,0.6179692554368744,0.3820307445631256,1359.93,866.8,493.1300000000001
246,7.222222222,7.222222222,7.222222222,7.222222222,7.222222222,35.0,7.222222222,7.222222222,7.222222222,7.222222222,0.540783721589333,0.0783489104387085,0.6191326320280415,0.3808673679719585,1281.44,874.97,406.47
247,7.083333333,7.083333333,7.083333333,7.083333333,7.083333333,36.25,7.083333333,7.083333333,7.083333333,7.083333333,0.36771611145633,0.0773216375150769,0.4450377489714069,0.5549622510285931,1256.0,880.83,375.16999999999996
248,6.944444444,6.944444444,6.944444444,6.944444444,6.944444444,37.5,6.944444444,6.944444444,6.944444444,6.944444444,0.55145982261872,0.0778390434037992,0.6292988660225192,0.37070113397748083,1351.66,888.8,462.8600000000001
249,6.805555556,6.805555556,6.805555556,6.805555556,6.805555556,38.75,6.805555556,6.805555556,6.805555556,6.805555556,0.558039725194751,0.0773799700974209,0.6354196952921719,0.3645803047078281,1347.98,895.96,452.02
250,6.666666667,6.666666667,6.666666667,6.666666667,6.666666667,40.0,6.666666667,6.666666667,6.666666667,6.666666667,0.566093976493872,0.0773879879658375,0.6434819644597095,0.3565180355402905,1344.13,901.21,442.9200000000001
251,6.527777778,6.527777778,6.527777778,6.527777778,6.527777778,41.25,6.527777778,6.527777778,6.527777778,6.527777778,0.574471349709231,0.0768400327859596,0.6513113824951906,0.3486886175048094,1340.93,908.29,432.6400000000001
252,6.388888889,6.388888889,6.388888889,6.388888889,6.388888889,42.5,6.388888889,6.388888889,6.388888889,6.388888889,0.58749699466466,0.0828501718385722,0.6703471665032322,0.32965283349676777,1335.58,933.28,402.29999999999995
253,6.25,6.25,6.25,6.25,6.25,43.75,6.25,6.25,6.25,6.25,0.598734869915488,0.0829841446850664,0.6817190146005544,0.3182809853994456,1333.18,933.42,399.7600000000001
254,6.111111111,6.111111111,6.111111111,6.111111111,6.111111111,45.0,6.111111111,6.111111111,6.111111111,6.111111111,0.608635009381917,0.0538443065896869,0.6624793159716038,0.3375206840283962,1332.66,926.8,405.8600000000001
255,5.972222222,5.972222222,5.972222222,5.972222222,5.972222222,46.25,5.972222222,5.972222222,5.972222222,5.972222222,0.625960956354954,0.0834735647398173,0.7094345210947712,0.29056547890522877,1331.93,932.79,399.1400000000001
256,5.833333333,5.833333333,5.833333333,5.833333333,5.833333333,47.5,5.833333333,5.833333333,5.833333333,5.833333333,0.640557955428471,0.0805132621238316,0.7210712175523026,0.27892878244769737,1330.98,935.24,395.74
257,5.694444444,5.694444444,5.694444444,5.694444444,5.694444444,48.75,5.694444444,5.694444444,5.694444444,5.694444444,0.652954013854449,0.0751503409697501,0.728104354824199,0.271895645175801,1329.81,930.14,399.66999999999996
258,5.555555556,5.555555556,5.555555556,5.555555556,5.555555556,50.0,5.555555556,5.555555556,5.555555556,5.555555556,0.0339294091395121,0.046904849827352,0.0808342589668641,0.9191657410331359,1228.93,926.22,302.71000000000004
259,11.1111,11.1111,11.1111,11.1111,11.1111,11.1111,0.0001,11.1111,11.1111,11.1111,0.851696254580821,0.0013711298110081,0.853067384391829,0.14693261560817095,1615.69,701.353,914.3370000000001
260,10.97222222,10.97222222,10.97222222,10.97222222,10.97222222,10.97222222,1.25,10.97222222,10.97222222,10.97222222,0.854076849707803,0.0010437904757489,0.8551206401835518,0.14487935981644817,1612.5,733.43,879.07
261,10.83333333,10.83333333,10.83333333,10.83333333,10.83333333,10.83333333,2.5,10.83333333,10.83333333,10.83333333,0.7185625683861141,0.0095346120860959,0.72809718047221,0.27190281952779005,1508.91,732.13,776.7800000000001
262,10.69444444,10.69444444,10.69444444,10.69444444,10.69444444,10.69444444,3.75,10.69444444,10.69444444,10.69444444,0.829439763311908,0.0357470894236432,0.8651868527355513,0.1348131472644487,1605.4,734.12,871.2800000000001
263,10.55555556,10.55555556,10.55555556,10.55555556,10.55555556,10.55555556,5.0,10.55555556,10.55555556,10.55555556,0.8176903140761738,0.0530387462863437,0.8707290603625175,0.12927093963748248,1601.45,736.54,864.9100000000001
264,10.41666667,10.41666667,10.41666667,10.41666667,10.41666667,10.41666667,6.25,10.41666667,10.41666667,10.41666667,0.8100009358637765,0.0645212106666461,0.8745221465304226,0.1254778534695774,1597.2,739.05,858.1500000000001
265,10.27777778,10.27777778,10.27777778,10.27777778,10.27777778,10.27777778,7.5,10.27777778,10.27777778,10.27777778,0.8006253723117472,0.0717329334750892,0.8723583057868365,0.12764169421316351,1592.64,742.61,850.0300000000001
266,10.13888889,10.13888889,10.13888889,10.13888889,10.13888889,10.13888889,8.75,10.13888889,10.13888889,10.13888889,0.7937556744968087,0.0766672067757155,0.8704228812725242,0.1295771187274758,1588.55,744.66,843.89
267,10.0,10.0,10.0,10.0,10.0,10.0,10.0,10.0,10.0,10.0,0.749087364807621,0.0841175384032676,0.8332049032108886,0.16679509678911142,1582.48,746.15,836.33
268,9.861111111,9.861111111,9.861111111,9.861111111,9.861111111,9.861111111,11.25,9.861111111,9.861111111,9.861111111,0.483012637412379,0.0784853109268058,0.5614979483391848,0.43850205166081524,1576.83,761.0,815.8299999999999
269,9.722222222,9.722222222,9.722222222,9.722222222,9.722222222,9.722222222,12.5,9.722222222,9.722222222,9.722222222,0.464395170707397,0.0782478817221524,0.5426430524295494,0.45735694757045064,1570.77,778.55,792.22
270,9.583333333,9.583333333,9.583333333,9.583333333,9.583333333,9.583333333,13.75,9.583333333,9.583333333,9.583333333,0.446382467231498,0.0791611782389933,0.5255436454704913,0.47445635452950874,1564.28,804.2,760.0799999999999
271,9.444444444,9.444444444,9.444444444,9.444444444,9.444444444,9.444444444,15.0,9.444444444,9.444444444,9.444444444,0.429375442214655,0.0814054136474897,0.5107808558621447,0.4892191441378553,1557.32,827.24,730.0799999999999
272,9.305555556,9.305555556,9.305555556,9.305555556,9.305555556,9.305555556,16.25,9.305555556,9.305555556,9.305555556,0.413391256879706,0.0853842433425469,0.4987755002222529,0.5012244997777471,1549.86,846.73,703.1299999999999
273,9.166666667,9.166666667,9.166666667,9.166666667,9.166666667,9.166666667,17.5,9.166666667,9.166666667,9.166666667,0.397524975055977,0.0914611188341006,0.48898609389007763,0.5110139061099224,1541.88,861.14,680.7400000000001
274,9.027777778,9.027777778,9.027777778,9.027777778,9.027777778,9.027777778,18.75,9.027777778,9.027777778,9.027777778,0.7378796011936879,0.0995815474460377,0.8374611486397256,0.16253885136027435,1533.34,869.24,664.0999999999999
275,8.888888889,8.888888889,8.888888889,8.888888889,8.888888889,8.888888889,20.0,8.888888889,8.888888889,8.888888889,0.3654621740092272,0.110192260050163,0.47565443405939023,0.5243455659406098,1524.99,873.27,651.72
276,8.75,8.75,8.75,8.75,8.75,8.75,21.25,8.75,8.75,8.75,0.707121795137131,0.123236682685467,0.8303584778225981,0.16964152217740192,1515.31,873.9,641.41
277,8.611111111,8.611111111,8.611111111,8.611111111,8.611111111,8.611111111,22.5,8.611111111,8.611111111,8.611111111,0.6842686262838914,0.119036225970002,0.8033048522538934,0.19669514774610664,1503.88,875.24,628.6400000000001
278,8.472222222,8.472222222,8.472222222,8.472222222,8.472222222,8.472222222,23.75,8.472222222,8.472222222,8.472222222,0.305181020258781,0.143897187179185,0.449078207437966,0.550921792562034,1492.99,877.42,615.57
279,8.333333333,8.333333333,8.333333333,8.333333333,8.333333333,8.333333333,25.0,8.333333333,8.333333333,8.333333333,0.241114473455257,0.169268431183232,0.41038290463848903,0.589617095361511,1385.58,880.73,504.8499999999999
280,8.194444444,8.194444444,8.194444444,8.194444444,8.194444444,8.194444444,26.25,8.194444444,8.194444444,8.194444444,0.27168430615993294,0.211631606950552,0.48331591311048494,0.5166840868895151,1468.73,883.74,584.99
281,8.055555556,8.055555556,8.055555556,8.055555556,8.055555556,8.055555556,27.5,8.055555556,8.055555556,8.055555556,0.5590498667722067,0.25461129960919,0.8136611663813966,0.18633883361860337,1455.49,878.76,576.73
282,7.916666667,7.916666667,7.916666667,7.916666667,7.916666667,7.916666667,28.75,7.916666667,7.916666667,7.916666667,0.5151775458584611,0.304463157677285,0.819640703535746,0.18035929646425397,1441.48,884.99,556.49
283,7.777777778,7.777777778,7.777777778,7.777777778,7.777777778,7.777777778,30.0,7.777777778,7.777777778,7.777777778,0.4582940975446483,0.358676062830982,0.8169701603756303,0.1830298396243697,1426.69,889.29,537.4000000000001
284,7.638888889,7.638888889,7.638888889,7.638888889,7.638888889,7.638888889,31.25,7.638888889,7.638888889,7.638888889,0.18250169746269376,0.413572767472245,0.5960744649349388,0.40392553506506124,1411.08,891.99,519.0899999999999
285,7.5,7.5,7.5,7.5,7.5,7.5,32.5,7.5,7.5,7.5,0.15415449619818,0.427938931546558,0.582093427744738,0.41790657225526195,1394.65,894.92,499.73000000000013
286,7.361111111,7.361111111,7.361111111,7.361111111,7.361111111,7.361111111,33.75,7.361111111,7.361111111,7.361111111,0.09482400643134883,0.528894515653121,0.6237185220844698,0.37628147791553024,1278.16,895.79,382.3700000000001
287,7.222222222,7.222222222,7.222222222,7.222222222,7.222222222,7.222222222,35.0,7.222222222,7.222222222,7.222222222,0.10965384748065946,0.586341056285251,0.6959949037659104,0.30400509623408956,1359.07,897.79,461.28
288,7.083333333,7.083333333,7.083333333,7.083333333,7.083333333,7.083333333,36.25,7.083333333,7.083333333,7.083333333,0.220862664740632,0.642661589433926,0.863524254174558,0.13647574582544197,1340.26,903.77,436.49
289,6.944444444,6.944444444,6.944444444,6.944444444,6.944444444,6.944444444,37.5,6.944444444,6.944444444,6.944444444,0.0752020580343262,0.689575587198194,0.7647776452325202,0.23522235476747977,1320.38,902.53,417.85000000000014
290,6.805555556,6.805555556,6.805555556,6.805555556,6.805555556,6.805555556,38.75,6.805555556,6.805555556,6.805555556,0.0351730946278814,0.736051648294773,0.7712247429226544,0.22877525707734558,1200.71,908.54,292.1700000000001
291,6.666666667,6.666666667,6.666666667,6.666666667,6.666666667,6.666666667,40.0,6.666666667,6.666666667,6.666666667,0.0566271092698067,0.774111026316946,0.8307381355867527,0.1692618644132473,1277.98,912.13,365.85
292,6.527777778,6.527777778,6.527777778,6.527777778,6.527777778,6.527777778,41.25,6.527777778,6.527777778,6.527777778,0.0296000249022537,0.80807845653857,0.8376784814408237,0.16232151855917631,1178.31,911.95,266.3599999999999
293,6.388888889,6.388888889,6.388888889,6.388888889,6.388888889,6.388888889,42.5,6.388888889,6.388888889,6.388888889,0.0481890320859938,0.827556802225837,0.8757458343118308,0.12425416568816916,1231.88,913.9,317.98000000000013
294,6.25,6.25,6.25,6.25,6.25,6.25,43.75,6.25,6.25,6.25,0.0429704572663058,0.86537960120983,0.9083500584761358,0.09164994152386419,1207.77,917.17,290.6
295,6.111111111,6.111111111,6.111111111,6.111111111,6.111111111,6.111111111,45.0,6.111111111,6.111111111,6.111111111,0.0371702080517485,0.888340222524342,0.9255104305760905,0.0744895694239095,1182.66,921.4,261.2600000000001
296,5.972222222,5.972222222,5.972222222,5.972222222,5.972222222,5.972222222,46.25,5.972222222,5.972222222,5.972222222,0.0312164823723761,0.90893142796763,0.9401479103400061,0.05985208965999389,1156.74,923.81,232.93000000000006
297,5.833333333,5.833333333,5.833333333,5.833333333,5.833333333,5.833333333,47.5,5.833333333,5.833333333,5.833333333,0.0249526858941873,0.927972599304002,0.9529252851981893,0.04707471480181069,1139.48,927.77,211.71000000000004
298,5.694444444,5.694444444,5.694444444,5.694444444,5.694444444,5.694444444,48.75,5.694444444,5.694444444,5.694444444,0.0,0.0,0.0,1.0,,,
299,5.555555556,5.555555556,5.555555556,5.555555556,5.555555556,5.555555556,50.0,5.555555556,5.555555556,5.555555556,0.0159884392749084,0.954156667313835,0.9701451065887434,0.029854893411256578,1160.35,936.48,223.8699999999999
300,11.1111,11.1111,11.1111,11.1111,11.1111,11.1111,11.1111,0.0001,11.1111,11.1111,0.6390879346022308,0.0181532310192352,0.657241165621466,0.34275883437853405,1537.96,826.78,711.1800000000001
301,10.97222222,10.97222222,10.97222222,10.97222222,10.97222222,10.97222222,10.97222222,1.25,10.97222222,10.97222222,0.6338115458590567,0.0029419817391387,0.6367535275981955,0.3632464724018045,1540.56,827.47,713.0899999999999
302,10.83333333,10.83333333,10.83333333,10.83333333,10.83333333,10.83333333,10.83333333,2.5,10.83333333,10.83333333,0.6069520229583133,0.0062788850575881,0.6132309080159014,0.3867690919840986,1543.01,820.26,722.75
303,10.69444444,10.69444444,10.69444444,10.69444444,10.69444444,10.69444444,10.69444444,3.75,10.69444444,10.69444444,0.580487008546405,0.0141856173967091,0.5946726259431141,0.4053273740568859,1547.46,801.51,745.95
304,10.55555556,10.55555556,10.55555556,10.55555556,10.55555556,10.55555556,10.55555556,5.0,10.55555556,10.55555556,0.561902854064905,0.0250572639853846,0.5869601180502896,0.4130398819497104,1553.73,782.71,771.02
305,10.41666667,10.41666667,10.41666667,10.41666667,10.41666667,10.41666667,10.41666667,6.25,10.41666667,10.41666667,0.464896046370624,0.0374769559801134,0.5023730023507373,0.49762699764926266,1482.81,768.17,714.64
306,10.27777778,10.27777778,10.27777778,10.27777778,10.27777778,10.27777778,10.27777778,7.5,10.27777778,10.27777778,0.529483435633064,0.0507966650057962,0.5802801006388602,0.41971989936113985,1567.24,759.06,808.1800000000001
307,10.13888889,10.13888889,10.13888889,10.13888889,10.13888889,10.13888889,10.13888889,8.75,10.13888889,10.13888889,0.515422249421868,0.0643184870087358,0.5797407364306038,0.42025926356939625,1574.19,754.52,819.6700000000001
308,10.0,10.0,10.0,10.0,10.0,10.0,10.0,10.0,10.0,10.0,0.749087364807621,0.0841175384032676,0.8332049032108886,0.16679509678911142,1582.48,746.15,836.33
309,9.861111111,9.861111111,9.861111111,9.861111111,9.861111111,9.861111111,9.861111111,11.25,9.861111111,9.861111111,0.492159910421095,0.0933148025271526,0.5854747129482476,0.4145252870517524,1591.2,746.92,844.2800000000001
310,9.722222222,9.722222222,9.722222222,9.722222222,9.722222222,9.722222222,9.722222222,12.5,9.722222222,9.722222222,0.482042896691026,0.107584854109504,0.58962775080053,0.41037224919947,1600.29,747.04,853.25
311,9.583333333,9.583333333,9.583333333,9.583333333,9.583333333,9.583333333,9.583333333,13.75,9.583333333,9.583333333,0.47283904560044915,0.12243409405611,0.5952731396565591,0.40472686034344085,1609.7,747.03,862.6700000000001
312,9.444444444,9.444444444,9.444444444,9.444444444,9.444444444,9.444444444,9.444444444,15.0,9.444444444,9.444444444,0.7447909946303727,0.137771577144896,0.8825625717752686,0.11743742822473136,1619.35,746.88,872.4699999999999
313,9.305555556,9.305555556,9.305555556,9.305555556,9.305555556,9.305555556,9.305555556,16.25,9.305555556,9.305555556,0.732397604458539,0.153458490468209,0.885856094926748,0.114143905073252,1629.05,746.94,882.1099999999999
314,9.166666667,9.166666667,9.166666667,9.166666667,9.166666667,9.166666667,9.166666667,17.5,9.166666667,9.166666667,0.7193640386424407,0.169578507441913,0.8889425460843536,0.11105745391564636,1639.25,746.74,892.51
315,9.027777778,9.027777778,9.027777778,9.027777778,9.027777778,9.027777778,9.027777778,18.75,9.027777778,9.027777778,0.7056766181818113,0.185815421964729,0.8914920401465403,0.10850795985345973,1649.42,747.09,902.33
316,8.888888889,8.888888889,8.888888889,8.888888889,8.888888889,8.888888889,8.888888889,20.0,8.888888889,8.888888889,0.6915590414985466,0.202464783715129,0.8940238252136756,0.10597617478632437,1659.7,746.75,912.95
317,8.75,8.75,8.75,8.75,8.75,8.75,8.75,21.25,8.75,8.75,0.6040271462561426,0.219409545474798,0.8234366917309406,0.17656330826905942,1575.4,747.59,827.8100000000001
318,8.611111111,8.611111111,8.611111111,8.611111111,8.611111111,8.611111111,8.611111111,22.5,8.611111111,8.611111111,0.6012326591759226,0.236389347117577,0.8376220062934996,0.1623779937065004,1597.7,747.01,850.69
319,8.472222222,8.472222222,8.472222222,8.472222222,8.472222222,8.472222222,8.472222222,23.75,8.472222222,8.472222222,0.5959945343824508,0.253140817315011,0.8491353516974618,0.1508646483025382,1619.54,747.73,871.81
320,8.333333333,8.333333333,8.333333333,8.333333333,8.333333333,8.333333333,8.333333333,25.0,8.333333333,8.333333333,0.5917013526756354,0.270211231577738,0.8619125842533735,0.13808741574662653,1640.31,747.69,892.6199999999999
321,8.194444444,8.194444444,8.194444444,8.194444444,8.194444444,8.194444444,8.194444444,26.25,8.194444444,8.194444444,0.6115738920739451,0.28743382217865,0.8990077142525951,0.10099228574740493,1689.98,747.38,942.6
322,8.055555556,8.055555556,8.055555556,8.055555556,8.055555556,8.055555556,8.055555556,27.5,8.055555556,8.055555556,0.5784694875536729,0.304265459050475,0.8827349466041479,0.11726505339585214,1677.17,747.45,929.72
323,7.916666667,7.916666667,7.916666667,7.916666667,7.916666667,7.916666667,7.916666667,28.75,7.916666667,7.916666667,0.3686289702749635,0.321267162139662,0.6898961324146256,0.31010386758537445,1700.38,747.82,952.5600000000001
324,7.777777778,7.777777778,7.777777778,7.777777778,7.777777778,7.777777778,7.777777778,30.0,7.777777778,7.777777778,0.30000539768785667,0.338546774503972,0.6385521721918287,0.3614478278081713,1617.48,747.89,869.59
325,7.638888889,7.638888889,7.638888889,7.638888889,7.638888889,7.638888889,7.638888889,31.25,7.638888889,7.638888889,0.35183352362779957,0.355495081486199,0.7073286051139986,0.29267139488600136,1710.32,747.26,963.06
326,7.5,7.5,7.5,7.5,7.5,7.5,7.5,32.5,7.5,7.5,0.34284970940450965,0.372371601592338,0.7152213109968477,0.2847786890031523,1715.23,747.89,967.34
327,7.361111111,7.361111111,7.361111111,7.361111111,7.361111111,7.361111111,7.361111111,33.75,7.361111111,7.361111111,0.2966416158588045,0.389386354178147,0.6860279700369515,0.3139720299630485,1665.98,747.72,918.26
328,7.222222222,7.222222222,7.222222222,7.222222222,7.222222222,7.222222222,7.222222222,35.0,7.222222222,7.222222222,0.325506847210905,0.407463464245028,0.7329703114559329,0.26702968854406706,1724.86,748.67,976.1899999999999
329,7.083333333,7.083333333,7.083333333,7.083333333,7.083333333,7.083333333,7.083333333,36.25,7.083333333,7.083333333,0.31696314464159603,0.423886474148895,0.740849618790491,0.25915038120950895,1729.59,749.09,980.4999999999999
330,6.944444444,6.944444444,6.944444444,6.944444444,6.944444444,6.944444444,6.944444444,37.5,6.944444444,6.944444444,0.3090219757097426,0.440159109724723,0.7491810854344656,0.2508189145655344,1734.27,748.57,985.6999999999999
331,6.805555556,6.805555556,6.805555556,6.805555556,6.805555556,6.805555556,6.805555556,38.75,6.805555556,6.805555556,0.2749184425712193,0.456310906317821,0.7312293488890402,0.26877065111095977,1700.67,748.17,952.5000000000001
332,6.666666667,6.666666667,6.666666667,6.666666667,6.666666667,6.666666667,6.666666667,40.0,6.666666667,6.666666667,0.2910571672021409,0.472284158420431,0.7633413256225718,0.23665867437742816,1740.06,747.71,992.3499999999999
333,6.527777778,6.527777778,6.527777778,6.527777778,6.527777778,6.527777778,6.527777778,41.25,6.527777778,6.527777778,0.25503012830324706,0.488164727457587,0.7431948557608341,0.2568051442391659,1700.66,748.39,952.2700000000001
334,6.388888889,6.388888889,6.388888889,6.388888889,6.388888889,6.388888889,6.388888889,42.5,6.388888889,6.388888889,0.2784464704823368,0.503923862697189,0.7823703331795258,0.21762966682047424,1752.56,746.73,1005.8299999999999
335,6.25,6.25,6.25,6.25,6.25,6.25,6.25,43.75,6.25,6.25,0.2711720332161744,0.519660140527427,0.7908321737436015,0.20916782625639851,1757.05,745.9,1011.15
336,6.111111111,6.111111111,6.111111111,6.111111111,6.111111111,6.111111111,6.111111111,45.0,6.111111111,6.111111111,0.263587780024317,0.5366168678276,0.8002046478519169,0.19979535214808308,1761.52,745.15,1016.37
337,5.972222222,5.972222222,5.972222222,5.972222222,5.972222222,5.972222222,5.972222222,46.25,5.972222222,5.972222222,0.218053654521662,0.55202725772,0.7700809122416621,0.22991908775833791,1695.88,745.37,950.5100000000001
338,5.833333333,5.833333333,5.833333333,5.833333333,5.833333333,5.833333333,5.833333333,47.5,5.833333333,5.833333333,0.2109319690256121,0.566856772316998,0.7777887413426101,0.2222112586573899,1700.67,745.95,954.72
339,5.694444444,5.694444444,5.694444444,5.694444444,5.694444444,5.694444444,5.694444444,48.75,5.694444444,5.694444444,0.2414800577247905,0.581360947996711,0.8228410057215015,0.17715899427849846,1774.86,744.37,1030.4899999999998
340,5.555555556,5.555555556,5.555555556,5.555555556,5.555555556,5.555555556,5.555555556,50.0,5.555555556,5.555555556,0.196016777880433,0.597761301862728,0.7937780797431611,0.20622192025683894,1700.67,741.25,959.4200000000001
341,11.1111,11.1111,11.1111,11.1111,11.1111,11.1111,11.1111,11.1111,0.0001,11.1111,0.881834653454051,0.0889692947029594,0.9708039481570104,0.029196051842989568,1533.37,748.77,784.5999999999999
342,10.97222222,10.97222222,10.97222222,10.97222222,10.97222222,10.97222222,10.97222222,10.97222222,1.25,10.97222222,0.871645431121803,0.0874991833069611,0.9591446144287641,0.040855385571235914,1537.28,749.34,787.9399999999999
343,10.83333333,10.83333333,10.83333333,10.83333333,10.83333333,10.83333333,10.83333333,10.83333333,2.5,10.83333333,0.408444614172048,0.086776946461993,0.495221560634041,0.504778439365959,1442.67,749.31,693.3600000000001
344,10.69444444,10.69444444,10.69444444,10.69444444,10.69444444,10.69444444,10.69444444,10.69444444,3.75,10.69444444,0.536518501313692,0.0853496755468779,0.6218681768605699,0.37813182313943006,1548.74,749.19,799.55
345,10.55555556,10.55555556,10.55555556,10.55555556,10.55555556,10.55555556,10.55555556,10.55555556,5.0,10.55555556,0.531685598221156,0.0841708145676956,0.6158564127888516,0.3841435872111484,1556.08,749.08,806.9999999999999
346,10.41666667,10.41666667,10.41666667,10.41666667,10.41666667,10.41666667,10.41666667,10.41666667,6.25,10.41666667,0.526013544129684,0.0826878308093331,0.6087013749390171,0.3912986250609829,1562.04,749.91,812.13
347,10.27777778,10.27777778,10.27777778,10.27777778,10.27777778,10.27777778,10.27777778,10.27777778,7.5,10.27777778,0.432121889936775,0.0812608163952269,0.5133827063320019,0.4866172936679981,1479.76,750.72,729.04
348,10.13888889,10.13888889,10.13888889,10.13888889,10.13888889,10.13888889,10.13888889,10.13888889,8.75,10.13888889,0.511369903069586,0.0801999047736252,0.5915698078432111,0.4084301921567889,1575.68,749.29,826.3900000000001
349,10.0,10.0,10.0,10.0,10.0,10.0,10.0,10.0,10.0,10.0,0.749087364807621,0.0841175384032676,0.8332049032108886,0.16679509678911142,1582.48,746.15,836.33
350,9.861111111,9.861111111,9.861111111,9.861111111,9.861111111,9.861111111,9.861111111,9.861111111,11.25,9.861111111,0.493418599565393,0.0776650675744557,0.5710836671398487,0.4289163328601513,1589.25,749.11,840.14
351,9.722222222,9.722222222,9.722222222,9.722222222,9.722222222,9.722222222,9.722222222,9.722222222,12.5,9.722222222,0.483971541035114,0.0763051033622162,0.5602766443973302,0.43972335560266984,1595.98,749.2,846.78
352,9.583333333,9.583333333,9.583333333,9.583333333,9.583333333,9.583333333,9.583333333,9.583333333,13.75,9.583333333,0.475162233694387,0.0749692272931686,0.5501314609875556,0.4498685390124444,1602.69,749.11,853.58
353,9.444444444,9.444444444,9.444444444,9.444444444,9.444444444,9.444444444,9.444444444,9.444444444,15.0,9.444444444,0.467426119262825,0.0736706315432675,0.5410967508060925,0.45890324919390746,1609.39,748.8,860.5900000000001
354,9.305555556,9.305555556,9.305555556,9.305555556,9.305555556,9.305555556,9.305555556,9.305555556,16.25,9.305555556,0.461323746752937,0.0727758260826571,0.5340995728355942,0.46590042716440583,1615.97,747.06,868.9100000000001
355,9.166666667,9.166666667,9.166666667,9.166666667,9.166666667,9.166666667,9.166666667,9.166666667,17.5,9.166666667,0.7028083289366197,0.0713116324001604,0.7741199613367801,0.22588003866321993,1622.79,747.12,875.67
356,9.027777778,9.027777778,9.027777778,9.027777778,9.027777778,9.027777778,9.027777778,9.027777778,18.75,9.027777778,0.453328151385946,0.0702459929753229,0.5235741443612689,0.4764258556387311,1629.51,746.97,882.54
357,8.888888889,8.888888889,8.888888889,8.888888889,8.888888889,8.888888889,8.888888889,8.888888889,20.0,8.888888889,0.451825813782717,0.0691354027791599,0.5209612165618769,0.4790387834381231,1636.27,746.88,889.39
358,8.75,8.75,8.75,8.75,8.75,8.75,8.75,8.75,21.25,8.75,0.6783651371802855,0.0679333264779831,0.7462984636582686,0.2537015363417314,1643.08,745.88,897.1999999999999
359,8.611111111,8.611111111,8.611111111,8.611111111,8.611111111,8.611111111,8.611111111,8.611111111,22.5,8.611111111,0.6734843662749216,0.0665868721569969,0.7400712384319185,0.25992876156808153,1649.94,746.47,903.47
360,8.472222222,8.472222222,8.472222222,8.472222222,8.472222222,8.472222222,8.472222222,8.472222222,23.75,8.472222222,0.6713252468995149,0.0654850360729444,0.7368102829724593,0.2631897170275407,1656.88,745.86,911.0200000000001
361,8.333333333,8.333333333,8.333333333,8.333333333,8.333333333,8.333333333,8.333333333,8.333333333,25.0,8.333333333,0.6700932477875419,0.0644273002153999,0.7345205480029418,0.26547945199705825,1663.89,745.53,918.3600000000001
362,8.194444444,8.194444444,8.194444444,8.194444444,8.194444444,8.194444444,8.194444444,8.194444444,26.25,8.194444444,0.6692643774698609,0.06350133028739,0.7327657077572509,0.2672342922427491,1670.87,745.74,925.1299999999999
363,8.055555556,8.055555556,8.055555556,8.055555556,8.055555556,8.055555556,8.055555556,8.055555556,27.5,8.055555556,0.557910862752775,0.0622236044154343,0.6201344671682093,0.3798655328317907,1578.99,747.39,831.6
364,7.916666667,7.916666667,7.916666667,7.916666667,7.916666667,7.916666667,7.916666667,7.916666667,28.75,7.916666667,0.66929267466259,0.0619888656481206,0.7312815403107106,0.2687184596892894,1685.53,747.87,937.66
365,7.777777778,7.777777778,7.777777778,7.777777778,7.777777778,7.777777778,7.777777778,7.777777778,30.0,7.777777778,0.6713524809743,0.0608793780955533,0.7322318590698533,0.26776814093014667,1692.98,749.57,943.41
366,7.638888889,7.638888889,7.638888889,7.638888889,7.638888889,7.638888889,7.638888889,7.638888889,31.25,7.638888889,0.55734979517611,0.0595748300464076,0.6169246252225177,0.3830753747774823,1600.44,750.84,849.6
367,7.5,7.5,7.5,7.5,7.5,7.5,7.5,7.5,32.5,7.5,0.503253789374348,0.0583108277620783,0.5615646171364262,0.43843538286357375,1708.26,752.78,955.48
368,7.361111111,7.361111111,7.361111111,7.361111111,7.361111111,7.361111111,7.361111111,7.361111111,33.75,7.361111111,0.512009791187731,0.0570784551925163,0.5690882463802474,0.43091175361975265,1716.97,753.7,963.27
369,7.222222222,7.222222222,7.222222222,7.222222222,7.222222222,7.222222222,7.222222222,7.222222222,35.0,7.222222222,0.520944988005711,0.0558660728209909,0.5768110608267019,0.42318893917329814,1724.13,754.74,969.3900000000001
370,7.083333333,7.083333333,7.083333333,7.083333333,7.083333333,7.083333333,7.083333333,7.083333333,36.25,7.083333333,0.530220125138137,0.0546191740938447,0.5848392992319817,0.41516070076801825,1732.31,756.62,975.6899999999999
371,6.944444444,6.944444444,6.944444444,6.944444444,6.944444444,6.944444444,6.944444444,6.944444444,37.5,6.944444444,0.539826911108559,0.0531240776099215,0.5929509887184805,0.4070490112815195,1740.66,759.41,981.2500000000001
372,6.805555556,6.805555556,6.805555556,6.805555556,6.805555556,6.805555556,6.805555556,6.805555556,38.75,6.805555556,0.549793197417428,0.0518148531143783,0.6016080505318063,0.3983919494681937,1749.19,762.15,987.0400000000001
373,6.666666667,6.666666667,6.666666667,6.666666667,6.666666667,6.666666667,6.666666667,6.666666667,40.0,6.666666667,0.559955368599283,0.0504194938255256,0.6103748624248085,0.38962513757519146,1757.91,766.55,991.3600000000001
374,6.527777778,6.527777778,6.527777778,6.527777778,6.527777778,6.527777778,6.527777778,6.527777778,41.25,6.527777778,0.570156099311312,0.0491138261387906,0.6192699254501025,0.3807300745498975,1766.82,770.18,996.64
375,6.388888889,6.388888889,6.388888889,6.388888889,6.388888889,6.388888889,6.388888889,6.388888889,42.5,6.388888889,0.580475180186945,0.0477053174439329,0.6281804976308779,0.3718195023691221,1775.79,774.67,1001.12
376,6.25,6.25,6.25,6.25,6.25,6.25,6.25,6.25,43.75,6.25,0.591075981971967,0.0464354095496796,0.6375113915216466,0.3624886084783534,1785.27,778.13,1007.14
377,6.111111111,6.111111111,6.111111111,6.111111111,6.111111111,6.111111111,6.111111111,6.111111111,45.0,6.111111111,0.60153878445111,0.0450312200490624,0.6465700045001723,0.3534299954998277,1794.66,782.58,1012.08
378,5.972222222,5.972222222,5.972222222,5.972222222,5.972222222,5.972222222,5.972222222,5.972222222,46.25,5.972222222,0.612139811642803,0.0436684105940302,0.6558082222368331,0.3441917777631669,1804.6,786.66,1017.9399999999999
379,5.833333333,5.833333333,5.833333333,5.833333333,5.833333333,5.833333333,5.833333333,5.833333333,47.5,5.833333333,0.622728316770908,0.0423678472186202,0.6650961639895282,0.3349038360104718,1814.61,790.46,1024.1499999999999
380,5.694444444,5.694444444,5.694444444,5.694444444,5.694444444,5.694444444,5.694444444,5.694444444,48.75,5.694444444,0.741384255303526,0.0410045636460156,0.7823888189495416,0.2176111810504584,1824.86,794.72,1030.1399999999999
381,5.555555556,5.555555556,5.555555556,5.555555556,5.555555556,5.555555556,5.555555556,5.555555556,50.0,5.555555556,0.601795693848416,0.0396615984739428,0.6414572923223588,0.3585427076776412,1739.28,798.28,941.0
382,11.1111,11.1111,11.1111,11.1111,11.1111,11.1111,11.1111,11.1111,11.1111,0.0001,0.292439848417925,0.0692734231864227,0.3617132716043477,0.6382867283956524,1400.73,737.37,663.36
383,10.97222222,10.97222222,10.97222222,10.97222222,10.97222222,10.97222222,10.97222222,10.97222222,10.97222222,1.25,0.3272319795813551,0.0728049472477499,0.40003692682910497,0.599963073170895,1382.86,738.9,643.9599999999999
384,10.83333333,10.83333333,10.83333333,10.83333333,10.83333333,10.83333333,10.83333333,10.83333333,10.83333333,2.5,0.361950886939269,0.0752376330722165,0.4371885200114855,0.5628114799885144,1363.57,740.88,622.6899999999999
385,10.69444444,10.69444444,10.69444444,10.69444444,10.69444444,10.69444444,10.69444444,10.69444444,10.69444444,3.75,0.19056511641856388,0.0757345649795346,0.26629968139809845,0.7337003186019015,1286.44,743.34,543.1
386,10.55555556,10.55555556,10.55555556,10.55555556,10.55555556,10.55555556,10.55555556,10.55555556,10.55555556,5.0,0.3462040985741597,0.0777902552400903,0.42399435381425,0.57600564618575,1353.32,744.17,609.15
387,10.41666667,10.41666667,10.41666667,10.41666667,10.41666667,10.41666667,10.41666667,10.41666667,10.41666667,6.25,0.44538026106895,0.0783189510150224,0.5236992120839724,0.4763007879160276,1478.57,744.92,733.65
388,10.27777778,10.27777778,10.27777778,10.27777778,10.27777778,10.27777778,10.27777778,10.27777778,10.27777778,7.5,0.46622085752437,0.0787302149855248,0.5449510725098947,0.4550489274901053,1517.63,746.51,771.1200000000001
389,10.13888889,10.13888889,10.13888889,10.13888889,10.13888889,10.13888889,10.13888889,10.13888889,10.13888889,8.75,0.485479178989101,0.0792071383826092,0.5646863173717102,0.43531368262828984,1551.15,747.09,804.0600000000001
390,10.0,10.0,10.0,10.0,10.0,10.0,10.0,10.0,10.0,10.0,0.749087364807621,0.0841175384032676,0.8332049032108886,0.16679509678911142,1582.48,746.15,836.33
391,9.861111111,9.861111111,9.861111111,9.861111111,9.861111111,9.861111111,9.861111111,9.861111111,9.861111111,11.25,0.419298607568026,0.0788497521030337,0.4981483596710597,0.5018516403289404,1512.22,751.35,760.87
392,9.722222222,9.722222222,9.722222222,9.722222222,9.722222222,9.722222222,9.722222222,9.722222222,9.722222222,12.5,0.53427553225094,0.0781788270930592,0.6124543593439993,0.3875456406560007,1638.29,753.67,884.62
393,9.583333333,9.583333333,9.583333333,9.583333333,9.583333333,9.583333333,9.583333333,9.583333333,9.583333333,13.75,0.548442070350173,0.0777595818135202,0.6262016521636932,0.37379834783630683,1663.55,755.97,907.5799999999999
394,9.444444444,9.444444444,9.444444444,9.444444444,9.444444444,9.444444444,9.444444444,9.444444444,9.444444444,15.0,0.446177063453625,0.0774587505593011,0.5236358140129261,0.47636418598707386,1588.2,757.98,830.22
395,9.305555556,9.305555556,9.305555556,9.305555556,9.305555556,9.305555556,9.305555556,9.305555556,9.305555556,16.25,0.574082907463556,0.0766613947103333,0.6507443021738892,0.34925569782611077,1709.98,760.12,949.86
396,9.166666667,9.166666667,9.166666667,9.166666667,9.166666667,9.166666667,9.166666667,9.166666667,9.166666667,17.5,0.585957309027712,0.0760043460955903,0.6619616551233023,0.3380383448766977,1731.79,762.29,969.5
397,9.027777778,9.027777778,9.027777778,9.027777778,9.027777778,9.027777778,9.027777778,9.027777778,9.027777778,18.75,0.597247793799019,0.0754948638001353,0.6727426575991543,0.3272573424008457,1752.59,764.34,988.2499999999999
398,8.888888889,8.888888889,8.888888889,8.888888889,8.888888889,8.888888889,8.888888889,8.888888889,8.888888889,20.0,0.58753352242683,0.0747740107962852,0.6623075332231152,0.3376924667768848,1760.11,767.16,992.9499999999999
399,8.75,8.75,8.75,8.75,8.75,8.75,8.75,8.75,8.75,21.25,0.618282504120023,0.0742240163363915,0.6925065204564145,0.3074934795435855,1792.81,769.07,1023.7399999999999
400,8.611111111,8.611111111,8.611111111,8.611111111,8.611111111,8.611111111,8.611111111,8.611111111,8.611111111,22.5,0.62831703960517,0.0734317118610928,0.7017487514662628,0.2982512485337372,1810.76,771.95,1038.81
401,8.472222222,8.472222222,8.472222222,8.472222222,8.472222222,8.472222222,8.472222222,8.472222222,8.472222222,23.75,0.637975798086145,0.0724668880231227,0.7104426861092678,0.28955731389073225,1829.01,776.68,1052.33
402,8.333333333,8.333333333,8.333333333,8.333333333,8.333333333,8.333333333,8.333333333,8.333333333,8.333333333,25.0,0.647262937933919,0.0718407560732979,0.7191036940072169,0.28089630599278315,1846.78,779.81,1066.97
403,8.194444444,8.194444444,8.194444444,8.194444444,8.194444444,8.194444444,8.194444444,8.194444444,8.194444444,26.25,0.636199964070622,0.0711168723030687,0.7073168363736907,0.2926831636263093,1852.92,783.9,1069.02
404,8.055555556,8.055555556,8.055555556,8.055555556,8.055555556,8.055555556,8.055555556,8.055555556,8.055555556,27.5,0.665125541227839,0.070278260468964,0.735403801696803,0.264596198303197,1881.13,787.91,1093.2200000000003
405,7.916666667,7.916666667,7.916666667,7.916666667,7.916666667,7.916666667,7.916666667,7.916666667,7.916666667,28.75,0.673689814937227,0.0692671258447689,0.7429569407819959,0.2570430592180041,1897.78,792.84,1104.94
406,7.777777778,7.777777778,7.777777778,7.777777778,7.777777778,7.777777778,7.777777778,7.777777778,7.777777778,30.0,0.882895177012083,0.0685684482637977,0.9514636252758807,0.04853637472411931,1914.12,795.64,1118.48
407,7.638888889,7.638888889,7.638888889,7.638888889,7.638888889,7.638888889,7.638888889,7.638888889,7.638888889,31.25,0.886129004630167,0.0676265195365187,0.9537555241666856,0.04624447583331437,1930.18,799.3,1130.88
408,7.5,7.5,7.5,7.5,7.5,7.5,7.5,7.5,7.5,32.5,0.69759615833486,0.0667040149453398,0.7643001732801998,0.23569982671980017,1945.99,802.9,1143.0900000000001
409,7.361111111,7.361111111,7.361111111,7.361111111,7.361111111,7.361111111,7.361111111,7.361111111,7.361111111,33.75,0.705170698721886,0.065694591666884,0.7708652903887699,0.22913470961123006,1961.57,806.46,1155.11
410,7.222222222,7.222222222,7.222222222,7.222222222,7.222222222,7.222222222,7.222222222,7.222222222,7.222222222,35.0,0.0,0.0,0.0,1.0,,,
411,7.083333333,7.083333333,7.083333333,7.083333333,7.083333333,7.083333333,7.083333333,7.083333333,7.083333333,36.25,0.7769865860022589,0.0924182620367446,0.8694048480390035,0.13059515196099647,1992.07,781.55,1210.52
412,6.944444444,6.944444444,6.944444444,6.944444444,6.944444444,6.944444444,6.944444444,6.944444444,6.944444444,37.5,0.760378437977597,0.0943707651593338,0.8547492031369308,0.1452507968630692,2000.97,753.88,1247.0900000000001
413,6.805555556,6.805555556,6.805555556,6.805555556,6.805555556,6.805555556,6.805555556,6.805555556,6.805555556,38.75,0.729278484113884,0.0934681898631957,0.8227466739770797,0.17725332602292032,2000.97,760.69,1240.28
414,6.666666667,6.666666667,6.666666667,6.666666667,6.666666667,6.666666667,6.666666667,6.666666667,6.666666667,40.0,0.7012937848541313,0.0907585876581058,0.792052372512237,0.20794762748776296,2000.97,793.95,1207.02
415,6.527777778,6.527777778,6.527777778,6.527777778,6.527777778,6.527777778,6.527777778,6.527777778,6.527777778,41.25,0.6746886559352926,0.0884977345600855,0.7631863904953781,0.23681360950462194,2000.97,800.4,1200.5700000000002
416,6.388888889,6.388888889,6.388888889,6.388888889,6.388888889,6.388888889,6.388888889,6.388888889,6.388888889,42.5,0.6421060214328579,0.0889121421244329,0.7310181635572908,0.26898183644270923,2000.97,804.19,1196.78
417,6.25,6.25,6.25,6.25,6.25,6.25,6.25,6.25,6.25,43.75,0.6149186205459926,0.0873022942041628,0.7022209147501554,0.29777908524984464,2000.97,809.72,1191.25
418,6.111111111,6.111111111,6.111111111,6.111111111,6.111111111,6.111111111,6.111111111,6.111111111,6.111111111,45.0,0.5882376720062293,0.0856023232445091,0.6738399952507385,0.32616000474926155,2000.97,815.51,1185.46
419,5.972222222,5.972222222,5.972222222,5.972222222,5.972222222,5.972222222,5.972222222,5.972222222,5.972222222,46.25,0.5582535330761144,0.0854299555391874,0.6436834886153018,0.3563165113846982,2000.97,821.23,1179.74
420,5.833333333,5.833333333,5.833333333,5.833333333,5.833333333,5.833333333,5.833333333,5.833333333,5.833333333,47.5,0.532487683304414,0.0836351184734305,0.6161228017778445,0.3838771982221555,2000.97,827.4,1173.5700000000002
421,5.694444444,5.694444444,5.694444444,5.694444444,5.694444444,5.694444444,5.694444444,5.694444444,5.694444444,48.75,0.504648965420508,0.0832837225418534,0.5879326879623614,0.4120673120376386,2000.97,833.14,1167.83
422,5.555555556,5.555555556,5.555555556,5.555555556,5.555555556,5.555555556,5.555555556,5.555555556,5.555555556,50.0,0.480042963123719,0.0823137999308727,0.5623567630545917,0.4376432369454083,2000.97,834.88,1166.0900000000001
